-- MySQL dump 10.13  Distrib 5.7.23, for osx10.14 (x86_64)
--
-- Host: localhost    Database: vk
-- ------------------------------------------------------
-- Server version	8.0.19

/*!40101 SET @OLD_CHARACTER_SET_CLIENT=@@CHARACTER_SET_CLIENT */;
/*!40101 SET @OLD_CHARACTER_SET_RESULTS=@@CHARACTER_SET_RESULTS */;
/*!40101 SET @OLD_COLLATION_CONNECTION=@@COLLATION_CONNECTION */;
/*!40101 SET NAMES utf8 */;
/*!40103 SET @OLD_TIME_ZONE=@@TIME_ZONE */;
/*!40103 SET TIME_ZONE='+00:00' */;
/*!40014 SET @OLD_UNIQUE_CHECKS=@@UNIQUE_CHECKS, UNIQUE_CHECKS=0 */;
/*!40014 SET @OLD_FOREIGN_KEY_CHECKS=@@FOREIGN_KEY_CHECKS, FOREIGN_KEY_CHECKS=0 */;
/*!40101 SET @OLD_SQL_MODE=@@SQL_MODE, SQL_MODE='NO_AUTO_VALUE_ON_ZERO' */;
/*!40111 SET @OLD_SQL_NOTES=@@SQL_NOTES, SQL_NOTES=0 */;

--
-- Table structure for table `communities`
--

DROP TABLE IF EXISTS `communities`;
/*!40101 SET @saved_cs_client     = @@character_set_client */;
/*!40101 SET character_set_client = utf8 */;
CREATE TABLE `communities` (
  `id` bigint unsigned NOT NULL AUTO_INCREMENT,
  `name` varchar(150) CHARACTER SET utf8 COLLATE utf8_unicode_ci DEFAULT NULL,
  PRIMARY KEY (`id`),
  KEY `communities_name_idx` (`name`)
) ENGINE=InnoDB AUTO_INCREMENT=51 DEFAULT CHARSET=utf8 COLLATE=utf8_unicode_ci;
/*!40101 SET character_set_client = @saved_cs_client */;

--
-- Dumping data for table `communities`
--

LOCK TABLES `communities` WRITE;
/*!40000 ALTER TABLE `communities` DISABLE KEYS */;
INSERT INTO `communities` VALUES (33,'ab'),(6,'amet'),(4,'aut'),(8,'aut'),(50,'aut'),(31,'culpa'),(48,'doloribus'),(21,'earum'),(13,'eius'),(7,'enim'),(16,'enim'),(34,'eos'),(39,'eos'),(49,'eos'),(29,'est'),(12,'et'),(25,'et'),(26,'et'),(22,'expedita'),(35,'facere'),(36,'fugit'),(45,'illo'),(40,'ipsum'),(44,'magni'),(5,'maiores'),(46,'molestiae'),(20,'nisi'),(42,'nisi'),(15,'odit'),(41,'omnis'),(9,'optio'),(1,'possimus'),(47,'praesentium'),(11,'quas'),(24,'qui'),(23,'quia'),(27,'quia'),(43,'reiciendis'),(28,'repudiandae'),(14,'saepe'),(3,'sed'),(10,'sit'),(17,'sit'),(38,'ut'),(30,'velit'),(32,'veniam'),(18,'vero'),(19,'vitae'),(2,'voluptatem'),(37,'voluptatem');
/*!40000 ALTER TABLE `communities` ENABLE KEYS */;
UNLOCK TABLES;

--
-- Table structure for table `friend_requests`
--

DROP TABLE IF EXISTS `friend_requests`;
/*!40101 SET @saved_cs_client     = @@character_set_client */;
/*!40101 SET character_set_client = utf8 */;
CREATE TABLE `friend_requests` (
  `initiator_user_id` bigint unsigned NOT NULL,
  `target_user_id` bigint unsigned NOT NULL,
  `status` enum('requested','approved','unfriended','declined') CHARACTER SET utf8 COLLATE utf8_unicode_ci DEFAULT NULL,
  `requested_at` datetime DEFAULT CURRENT_TIMESTAMP,
  `confirmed_at` datetime DEFAULT NULL,
  PRIMARY KEY (`initiator_user_id`,`target_user_id`),
  KEY `initiator_user_id` (`initiator_user_id`),
  KEY `target_user_id` (`target_user_id`),
  CONSTRAINT `friend_requests_ibfk_1` FOREIGN KEY (`initiator_user_id`) REFERENCES `users` (`id`),
  CONSTRAINT `friend_requests_ibfk_2` FOREIGN KEY (`target_user_id`) REFERENCES `users` (`id`)
) ENGINE=InnoDB DEFAULT CHARSET=utf8 COLLATE=utf8_unicode_ci;
/*!40101 SET character_set_client = @saved_cs_client */;

--
-- Dumping data for table `friend_requests`
--

LOCK TABLES `friend_requests` WRITE;
/*!40000 ALTER TABLE `friend_requests` DISABLE KEYS */;
INSERT INTO `friend_requests` VALUES (1,1,'approved','1983-11-14 20:24:11','2001-02-13 00:12:42'),(2,2,'approved','1983-02-14 21:28:56','2009-08-18 04:45:25'),(3,3,'approved','2002-02-13 03:10:27','1996-12-31 17:02:46'),(4,4,'approved','2003-07-10 10:38:22','2019-05-19 19:37:01'),(5,5,'approved','2015-08-02 22:25:17','1977-11-10 13:55:35'),(6,6,'approved','2013-07-14 08:10:23','1972-07-13 17:55:53'),(7,7,'approved','1986-09-11 00:20:13','2002-07-10 19:14:38'),(8,8,'approved','1975-07-11 13:23:23','2010-02-15 08:24:45'),(9,9,'approved','1996-08-05 08:01:43','2018-05-29 07:01:36'),(10,10,'approved','1999-01-02 07:25:59','2015-10-21 12:30:02'),(11,11,'approved','2017-04-18 05:22:49','2004-04-24 10:13:31'),(12,12,'approved','1986-12-18 10:45:55','2009-11-02 21:29:29'),(13,13,'approved','1977-08-10 23:39:04','2010-01-17 06:34:42'),(14,14,'approved','1992-02-20 19:28:58','1973-05-04 23:05:50'),(15,15,'approved','1978-08-11 16:30:37','1985-08-19 05:14:49'),(16,16,'approved','1995-04-20 03:54:57','2004-05-27 05:32:33'),(17,17,'approved','2005-04-01 14:16:40','2019-09-21 22:19:49'),(18,18,'approved','1983-06-03 21:25:37','2003-11-08 00:26:51'),(19,19,'approved','1978-03-17 16:36:50','2018-07-13 00:05:27'),(20,20,'approved','1984-08-21 06:39:42','2012-11-15 23:27:26'),(21,21,'approved','1990-12-22 12:09:53','1989-07-14 09:33:16'),(22,22,'approved','1985-11-09 14:32:04','1972-07-24 12:50:33'),(23,23,'approved','1991-03-26 04:29:35','1971-03-31 17:22:18'),(24,24,'approved','2005-04-18 03:47:32','1987-06-15 00:25:57'),(25,25,'approved','2010-09-11 16:45:32','1979-07-28 00:52:08'),(26,26,'approved','2008-12-12 04:58:06','1997-02-19 12:26:13'),(27,27,'approved','1998-08-25 09:32:44','1993-10-07 02:19:20'),(28,28,'approved','1973-03-12 16:11:48','1984-04-12 21:18:59'),(29,29,'approved','1999-04-09 08:36:20','2012-04-26 11:13:11'),(30,30,'approved','1973-01-11 18:42:34','1996-05-03 11:22:20'),(31,31,'approved','2000-12-07 15:36:13','1987-04-04 08:12:53'),(32,32,'approved','1993-09-08 16:31:11','1991-04-10 00:56:11'),(33,33,'approved','1971-10-02 03:37:01','1972-12-18 19:42:34'),(34,34,'approved','1993-05-22 18:03:29','1985-04-06 01:05:56'),(35,35,'approved','1971-08-21 10:02:37','2015-08-03 00:57:04'),(36,36,'approved','2014-12-06 22:12:25','1996-02-08 21:37:54'),(37,37,'approved','1970-12-30 17:20:53','1987-02-20 06:26:02'),(38,38,'approved','1991-10-01 20:38:12','2005-02-10 21:09:31'),(39,39,'approved','1974-12-21 05:54:01','1989-04-04 09:52:56'),(40,40,'approved','1982-11-24 17:05:13','1999-11-01 07:33:06'),(41,41,'approved','2006-09-11 07:23:35','1978-03-26 13:19:32'),(42,42,'approved','2001-12-05 08:41:26','1997-12-26 23:17:19'),(43,43,'approved','2008-06-01 14:48:08','2015-03-01 19:57:56'),(44,44,'approved','1979-08-24 21:55:59','1985-04-17 00:28:05'),(45,45,'approved','1996-04-11 18:38:26','1978-02-20 00:29:32'),(46,46,'approved','1981-02-22 22:12:03','1971-04-22 19:34:33'),(47,47,'approved','2005-04-15 04:32:58','1977-12-07 01:04:37'),(48,48,'approved','1986-11-22 03:12:07','1987-11-15 21:22:30'),(49,49,'approved','1973-03-29 15:14:05','2001-05-15 16:49:49'),(50,50,'approved','1992-01-29 21:17:24','2006-02-15 05:58:04'),(51,51,'approved','1978-06-19 15:50:01','1998-08-16 23:17:37'),(52,52,'approved','1995-01-15 13:45:24','2019-07-11 21:05:13'),(53,53,'approved','2005-04-20 02:39:39','2002-04-08 23:40:18'),(54,54,'approved','1990-12-16 07:28:20','1983-12-05 16:01:40'),(55,55,'approved','1974-12-14 14:18:49','1994-02-23 03:32:02'),(56,56,'approved','2016-06-16 22:57:22','1981-07-14 02:51:06'),(57,57,'approved','1990-04-26 20:08:10','1978-04-21 21:24:53'),(58,58,'approved','1972-01-23 22:23:15','1978-03-19 14:17:12'),(59,59,'approved','1987-12-25 22:57:26','2017-12-06 12:12:11'),(60,60,'approved','1988-01-09 08:07:03','1986-04-21 23:30:24'),(61,61,'approved','2010-08-22 09:30:12','1986-07-07 22:05:02'),(62,62,'approved','1971-08-27 22:43:17','2018-07-01 01:00:31'),(63,63,'approved','1982-03-05 21:53:28','1999-09-03 14:29:50'),(64,64,'approved','1970-02-27 16:27:51','1979-01-29 21:47:13'),(65,65,'approved','2007-12-27 17:07:45','2002-02-09 06:32:43'),(66,66,'approved','2006-05-10 18:39:39','2012-10-05 06:22:23'),(67,67,'approved','1992-03-22 12:49:54','1971-06-22 08:40:33'),(68,68,'approved','2014-09-05 12:33:39','2003-07-21 03:53:50'),(69,69,'approved','1981-10-15 21:45:02','2018-08-16 08:25:34'),(70,70,'approved','2017-06-30 03:58:52','1984-08-02 05:37:52'),(71,71,'approved','2009-09-25 13:56:48','1973-05-12 05:12:16'),(72,72,'approved','1970-01-31 02:05:31','2001-06-08 09:11:56'),(73,73,'approved','1994-09-11 23:18:28','1986-03-24 18:24:28'),(74,74,'approved','1971-07-10 18:35:33','2013-01-29 15:28:10'),(75,75,'approved','1982-06-05 12:12:23','1994-11-09 21:09:10'),(76,76,'approved','1971-04-26 03:31:21','2007-12-02 03:09:42'),(77,77,'approved','2018-08-22 18:26:20','1995-11-10 05:46:27'),(78,78,'approved','2004-07-15 01:32:03','1974-05-16 16:56:56'),(79,79,'approved','1988-03-15 06:35:57','1983-11-07 22:07:26'),(80,80,'approved','2016-05-19 04:16:42','2009-11-02 21:19:42'),(81,81,'approved','2012-01-27 05:00:08','2013-12-25 22:16:08'),(82,82,'approved','1975-04-06 15:42:57','2003-12-03 05:52:26'),(83,83,'approved','1981-08-26 13:13:29','1974-09-14 03:39:26'),(84,84,'approved','2011-04-02 18:52:12','2000-03-08 15:12:47'),(85,85,'approved','1979-03-02 15:28:00','2009-04-01 20:56:01'),(86,86,'approved','2006-12-14 08:01:55','1990-10-07 17:04:44'),(87,87,'approved','2007-09-02 05:15:08','2008-09-06 05:52:10'),(88,88,'approved','2010-03-09 09:32:54','1990-07-13 11:00:01'),(89,89,'approved','1978-09-05 23:44:52','2012-01-21 10:01:52'),(90,90,'approved','1972-04-11 06:52:43','1983-12-17 01:46:06'),(91,91,'approved','1971-02-13 02:35:26','1974-01-17 03:14:49'),(92,92,'approved','2017-07-20 05:14:08','2013-06-11 23:46:51'),(93,93,'approved','1981-05-02 14:20:01','1973-01-16 04:03:20'),(94,94,'approved','2018-07-12 17:16:43','2007-03-25 20:55:31'),(95,95,'approved','1973-04-16 07:34:19','2007-02-25 00:35:25'),(96,96,'approved','1971-06-28 09:11:12','1985-09-03 15:10:50'),(97,97,'approved','1970-01-02 20:12:53','1989-03-22 20:46:50'),(98,98,'approved','1985-12-13 21:43:07','2009-08-18 02:56:22'),(99,99,'approved','1975-05-31 10:12:28','1982-12-24 16:33:14'),(100,100,'approved','1983-07-02 21:30:08','1981-11-12 12:18:19');
/*!40000 ALTER TABLE `friend_requests` ENABLE KEYS */;
UNLOCK TABLES;

--
-- Table structure for table `likes`
--

DROP TABLE IF EXISTS `likes`;
/*!40101 SET @saved_cs_client     = @@character_set_client */;
/*!40101 SET character_set_client = utf8 */;
CREATE TABLE `likes` (
  `id` bigint unsigned NOT NULL AUTO_INCREMENT,
  `user_id` bigint unsigned NOT NULL,
  `media_id` bigint unsigned NOT NULL,
  `created_at` datetime DEFAULT CURRENT_TIMESTAMP,
  PRIMARY KEY (`id`)
) ENGINE=InnoDB AUTO_INCREMENT=101 DEFAULT CHARSET=utf8 COLLATE=utf8_unicode_ci;
/*!40101 SET character_set_client = @saved_cs_client */;

--
-- Dumping data for table `likes`
--

LOCK TABLES `likes` WRITE;
/*!40000 ALTER TABLE `likes` DISABLE KEYS */;
INSERT INTO `likes` VALUES (1,1,1,'2012-10-01 18:22:13'),(2,2,2,'1971-12-13 01:31:03'),(3,3,3,'1976-11-17 18:13:19'),(4,4,4,'1982-03-30 17:19:22'),(5,5,5,'1970-09-18 01:40:01'),(6,6,6,'1986-08-22 05:18:19'),(7,7,7,'1989-03-09 01:27:38'),(8,8,8,'1989-05-12 00:27:25'),(9,9,9,'2018-07-30 10:52:38'),(10,10,10,'2018-09-17 21:53:48'),(11,11,11,'1974-01-07 20:45:06'),(12,12,12,'2004-08-04 21:30:35'),(13,13,13,'2013-03-17 04:55:20'),(14,14,14,'1995-12-29 04:02:34'),(15,15,15,'2007-11-02 19:28:23'),(16,16,16,'1999-08-09 05:41:32'),(17,17,17,'2010-11-14 02:01:05'),(18,18,18,'1984-04-04 10:30:37'),(19,19,19,'1977-06-20 18:08:35'),(20,20,20,'1986-01-13 17:56:37'),(21,21,21,'1976-11-02 18:15:27'),(22,22,22,'1984-12-28 12:54:49'),(23,23,23,'1987-04-03 18:24:58'),(24,24,24,'1992-07-04 12:53:08'),(25,25,25,'1989-04-12 07:04:42'),(26,26,26,'2007-06-25 23:53:53'),(27,27,27,'2007-01-12 22:22:53'),(28,28,28,'1984-10-09 16:19:10'),(29,29,29,'1999-01-14 06:39:14'),(30,30,30,'1972-11-30 16:04:35'),(31,31,31,'2013-02-02 12:45:35'),(32,32,32,'1989-07-27 04:49:06'),(33,33,33,'1984-07-21 10:39:50'),(34,34,34,'2017-09-12 22:33:52'),(35,35,35,'2011-06-21 03:29:03'),(36,36,36,'1973-09-17 06:28:36'),(37,37,37,'1993-05-30 12:24:00'),(38,38,38,'1975-07-04 18:37:02'),(39,39,39,'1988-12-02 22:55:13'),(40,40,40,'1995-09-26 22:52:29'),(41,41,41,'1973-11-26 03:07:26'),(42,42,42,'1989-05-30 15:06:45'),(43,43,43,'2013-07-21 23:31:56'),(44,44,44,'2014-01-18 12:45:45'),(45,45,45,'1973-11-11 11:57:13'),(46,46,46,'2014-09-22 22:31:01'),(47,47,47,'2009-11-15 06:27:27'),(48,48,48,'1980-05-21 07:37:56'),(49,49,49,'2015-07-09 10:15:17'),(50,50,50,'2011-02-21 18:43:19'),(51,51,51,'2004-12-02 14:10:40'),(52,52,52,'1987-01-11 22:24:46'),(53,53,53,'1973-03-13 21:40:29'),(54,54,54,'2002-08-18 23:11:03'),(55,55,55,'1977-08-27 13:35:17'),(56,56,56,'1988-12-13 06:43:06'),(57,57,57,'2008-08-03 03:37:10'),(58,58,58,'2011-09-12 17:17:10'),(59,59,59,'1989-06-27 12:05:34'),(60,60,60,'2004-07-17 22:21:53'),(61,61,61,'2019-07-25 02:32:40'),(62,62,62,'2018-08-17 17:26:02'),(63,63,63,'1980-09-03 11:33:59'),(64,64,64,'1976-01-17 01:48:22'),(65,65,65,'1979-08-07 00:09:00'),(66,66,66,'1974-06-03 23:32:50'),(67,67,67,'2003-09-27 16:56:59'),(68,68,68,'1986-01-12 13:33:01'),(69,69,69,'2012-08-17 02:31:17'),(70,70,70,'2014-12-22 06:36:24'),(71,71,71,'2001-12-21 08:52:34'),(72,72,72,'1982-06-04 03:40:08'),(73,73,73,'2011-06-20 07:40:57'),(74,74,74,'2005-02-25 11:52:24'),(75,75,75,'1974-05-05 15:50:13'),(76,76,76,'2018-01-09 10:56:47'),(77,77,77,'1984-06-22 11:38:32'),(78,78,78,'1993-04-11 09:38:30'),(79,79,79,'1976-06-18 00:19:43'),(80,80,80,'1972-01-14 09:51:43'),(81,81,81,'2005-06-21 21:38:15'),(82,82,82,'2005-09-30 03:03:32'),(83,83,83,'2017-12-17 13:03:43'),(84,84,84,'1979-04-02 06:00:29'),(85,85,85,'1988-05-12 22:36:46'),(86,86,86,'1976-12-04 10:46:14'),(87,87,87,'2001-02-22 03:21:38'),(88,88,88,'2020-02-16 06:08:31'),(89,89,89,'1994-07-09 13:10:21'),(90,90,90,'1998-03-11 23:53:44'),(91,91,91,'1984-01-09 12:27:08'),(92,92,92,'1985-09-18 18:12:33'),(93,93,93,'2003-09-16 21:37:03'),(94,94,94,'1972-08-23 01:26:19'),(95,95,95,'1997-08-13 19:45:51'),(96,96,96,'1975-12-25 04:55:23'),(97,97,97,'1974-12-20 06:17:18'),(98,98,98,'1991-05-24 14:36:50'),(99,99,99,'2018-12-03 05:59:52'),(100,100,100,'1976-09-30 22:09:00');
/*!40000 ALTER TABLE `likes` ENABLE KEYS */;
UNLOCK TABLES;

--
-- Table structure for table `media`
--

DROP TABLE IF EXISTS `media`;
/*!40101 SET @saved_cs_client     = @@character_set_client */;
/*!40101 SET character_set_client = utf8 */;
CREATE TABLE `media` (
  `id` bigint unsigned NOT NULL AUTO_INCREMENT,
  `media_type_id` bigint unsigned NOT NULL,
  `user_id` bigint unsigned NOT NULL,
  `body` text CHARACTER SET utf8 COLLATE utf8_unicode_ci,
  `filename` varchar(255) CHARACTER SET utf8 COLLATE utf8_unicode_ci DEFAULT NULL,
  `size` int DEFAULT NULL,
  `metadata` longtext CHARACTER SET utf8mb4 COLLATE utf8mb4_bin,
  `created_at` datetime DEFAULT CURRENT_TIMESTAMP,
  `updated_at` datetime DEFAULT CURRENT_TIMESTAMP ON UPDATE CURRENT_TIMESTAMP,
  PRIMARY KEY (`id`),
  KEY `user_id` (`user_id`),
  KEY `media_type_id` (`media_type_id`),
  CONSTRAINT `media_ibfk_1` FOREIGN KEY (`user_id`) REFERENCES `users` (`id`),
  CONSTRAINT `media_ibfk_2` FOREIGN KEY (`media_type_id`) REFERENCES `media_types` (`id`)
) ENGINE=InnoDB AUTO_INCREMENT=151 DEFAULT CHARSET=utf8 COLLATE=utf8_unicode_ci;
/*!40101 SET character_set_client = @saved_cs_client */;

--
-- Dumping data for table `media`
--

LOCK TABLES `media` WRITE;
/*!40000 ALTER TABLE `media` DISABLE KEYS */;
INSERT INTO `media` VALUES (1,1,1,'Sint qui nostrum est quis iste. Laudantium illum cum voluptatibus tempora ducimus tempore repudiandae. Iure inventore excepturi sed vitae fugit.','voluptatem',4,NULL,'2017-03-14 23:19:03','1989-03-11 23:20:33'),(2,2,2,'Soluta dicta officiis voluptatem voluptate. Debitis blanditiis laborum ipsum est doloremque et consequatur nulla. Aut ut repellendus corporis earum modi nisi ipsum.','cupiditate',85917908,NULL,'1978-07-19 19:26:45','2015-01-17 08:06:20'),(3,3,3,'Aliquid et enim totam magni sint commodi dicta. Qui sit eius nesciunt. Est ex omnis nihil exercitationem consequatur quia asperiores delectus. Ipsum qui quia et harum.','voluptatem',462,NULL,'1983-07-11 23:23:25','2018-05-08 10:31:42'),(4,4,4,'Aspernatur distinctio velit possimus. Vero temporibus maiores id expedita. Modi voluptas quam eaque dolorem.','quas',8164884,NULL,'1989-11-27 22:14:02','1987-01-07 04:30:59'),(5,5,5,'Excepturi unde reprehenderit eveniet iste. Omnis saepe natus et repudiandae. Placeat assumenda temporibus deleniti a doloremque. Ad est iste inventore provident quis et quam.','atque',9223044,NULL,'1986-11-08 01:56:52','1989-03-27 06:46:30'),(6,6,6,'Dignissimos enim modi quis modi explicabo eum ipsum architecto. Rerum eos esse veritatis qui. Illum amet assumenda et eligendi.','quas',16398494,NULL,'2018-11-01 04:18:56','1988-08-10 11:02:53'),(7,7,7,'Iure repellendus molestiae voluptatum. Qui qui nesciunt nihil et sed veniam inventore. Optio adipisci explicabo minus praesentium ducimus. At labore quisquam sed temporibus ut et soluta.','dolores',6741008,NULL,'2003-11-29 16:56:49','1991-12-06 12:35:26'),(8,8,8,'Consequatur quo est deleniti beatae eum harum. Dolor ipsam dicta officiis eius dicta. Dolor dolores nam voluptatem dolores.','illo',1,NULL,'2018-03-15 08:26:26','1980-09-14 11:51:18'),(9,9,9,'Fugit magnam id distinctio perspiciatis quos nemo. Natus officiis non nihil perspiciatis. Dolorem et ex voluptatem aperiam quia illum veniam.','rerum',651302919,NULL,'1976-03-26 18:37:41','1977-07-31 07:10:19'),(10,10,10,'Iure sint dicta sit eius nemo nam reprehenderit doloribus. Blanditiis omnis eius qui pariatur et sint veniam. Excepturi quo non qui eum quae.','nemo',0,NULL,'2001-02-22 13:21:23','1997-05-13 13:34:16'),(11,11,11,'Et praesentium hic dolorem dicta. Molestiae facere et est quia veritatis. Quia consequatur officiis sunt rem libero.','tempore',21351803,NULL,'2013-12-17 08:12:27','2011-01-02 15:34:30'),(12,12,12,'Quia tenetur sit ad in. Ut eos et et nesciunt et saepe veritatis. Et qui et aliquam. In harum nesciunt explicabo aspernatur optio.','modi',19248702,NULL,'2014-05-04 11:51:26','1997-12-01 17:53:47'),(13,13,13,'Incidunt eveniet minima accusantium. Aut necessitatibus incidunt dolorum voluptas perferendis impedit. Eum iste sit ex eaque. Minus facilis qui illo inventore quos aut officiis amet.','reprehenderit',46400,NULL,'2016-06-09 11:00:12','2016-07-19 09:35:10'),(14,14,14,'Dolores odio voluptatum est dicta. Cumque dolores est excepturi inventore non. Quasi ad quibusdam non.','delectus',8487434,NULL,'1970-11-21 00:30:18','2003-03-13 06:34:24'),(15,15,15,'Quos eos cupiditate rerum harum dolore quidem possimus cupiditate. Expedita ut rerum molestiae officia ut est. Modi deserunt porro voluptates nihil.','nobis',6,NULL,'1985-09-10 07:03:12','2010-12-08 08:55:08'),(16,16,16,'Itaque vero esse dolor vero. Laudantium soluta nihil eos temporibus qui autem ullam. Sed nemo voluptatum magni dolorem ea non natus.','eum',275,NULL,'1980-12-23 09:47:07','1987-08-29 08:48:28'),(17,17,17,'Excepturi velit et voluptatum ullam vel quo. Animi sit sit voluptatem non quo velit. Occaecati et non mollitia id velit sequi. Non ea qui qui eum.','adipisci',833080089,NULL,'1970-12-07 02:00:57','2011-08-12 13:03:52'),(18,18,18,'Minima iusto officiis qui quo rerum voluptatem. Velit exercitationem doloribus et quas esse neque qui tenetur. Sed ex maxime tempore. Nostrum provident accusantium quo cumque non officiis.','aut',7515,NULL,'2005-02-07 06:38:11','1979-05-03 19:02:24'),(19,19,19,'Distinctio iste quo rem. Ducimus incidunt sint quod eaque earum voluptatibus. Eligendi sapiente ut rerum occaecati et.','in',2479027,NULL,'1970-01-04 15:51:05','1996-01-01 20:39:11'),(20,20,20,'Quo ut enim ex sed eum. Qui reiciendis veniam impedit doloremque consequatur laboriosam. Eos dolores animi quia qui corporis id sit. Assumenda nesciunt molestiae et itaque.','sed',6657305,NULL,'2017-02-18 09:32:47','1977-02-27 03:34:25'),(21,21,21,'Id aut eligendi ad aliquid aut officia. Dolores magnam provident exercitationem iusto esse nostrum ea. Neque dolorum id tempore commodi officiis ipsam quia.','rerum',5,NULL,'1992-08-23 11:17:09','1984-11-17 15:41:49'),(22,22,22,'Et quas ab perferendis modi dolorem dolore. Consequatur quo accusamus quibusdam ipsam vero commodi nam saepe. Adipisci illo enim ex ea reprehenderit dolorem quos. Voluptatibus non perspiciatis facere veniam fugiat.','magni',7132,NULL,'2009-02-13 19:19:05','2005-04-09 21:07:20'),(23,23,23,'Eveniet vel animi natus neque pariatur ratione eveniet. Consequuntur asperiores enim eum quo et laboriosam voluptate voluptatem. Nulla atque unde optio animi ut accusantium quas.','aliquam',6,NULL,'1990-11-15 11:13:26','2009-07-08 11:38:23'),(24,24,24,'Facilis dignissimos qui aut et quos rerum. Autem facere exercitationem et inventore ex eos ipsa consequatur. Dolor nisi blanditiis vel voluptas provident quod.','itaque',27610,NULL,'2015-12-05 06:00:43','2012-04-23 13:51:55'),(25,25,25,'Adipisci iusto aspernatur dolores cupiditate optio. Error sint tempore pariatur corrupti harum delectus quia dolore. Sed aut eos porro aut sunt.','sit',16034470,NULL,'1993-10-27 17:37:24','1992-10-03 02:41:35'),(26,26,26,'In id enim dolore et non minima aut. Soluta voluptates voluptates dolores totam ut tenetur maxime. Ea inventore iure eius delectus.','eos',3,NULL,'2000-02-11 15:28:45','2004-06-06 05:08:36'),(27,27,27,'Quo perspiciatis dolores illo quia laboriosam. Consequatur consequatur sapiente eveniet ipsa esse cumque. Asperiores nemo dolorum molestiae consequatur numquam rerum.','deleniti',7,NULL,'1978-08-09 12:21:16','2001-01-23 23:44:03'),(28,28,28,'Sed quam aut recusandae accusamus. Molestiae molestiae est dolor quo quam libero. Architecto ducimus non veniam eius perspiciatis et. Aut exercitationem quod sed suscipit. Voluptatem et harum dicta nemo ipsa nesciunt voluptatem.','in',45337,NULL,'2000-12-27 12:36:07','2003-04-18 09:06:35'),(29,29,29,'Id ea asperiores consequuntur nisi eveniet voluptatem qui. Fugiat sed repellat alias ducimus. Dolorem odio expedita dolorem sunt. Dolorem doloremque repudiandae quos.','magnam',5481,NULL,'2013-07-25 01:14:22','1980-06-19 11:22:29'),(30,30,30,'Et ipsam sit consequatur qui. Et et ea molestias sapiente. Nam est tenetur consequuntur voluptatem cumque qui et. Optio vitae maiores consequatur distinctio est sequi molestiae.','sit',296,NULL,'2019-04-27 09:27:23','2011-10-03 17:05:36'),(31,31,31,'Harum blanditiis impedit maiores tempora consequatur voluptatibus. Labore quia ratione ab. Fugiat dolores deleniti pariatur eaque impedit.','cupiditate',3767858,NULL,'1980-08-26 20:08:53','2005-04-05 15:44:47'),(32,32,32,'Neque nam porro dolor voluptatibus fugiat molestias et. Illum fugiat suscipit in at. Asperiores harum et sit qui.','dolores',2247,NULL,'2016-05-22 00:37:50','1971-12-25 03:31:36'),(33,33,33,'Aperiam sed voluptatum qui repudiandae. Ducimus et fuga ex nam temporibus. Nostrum pariatur odio assumenda molestiae et.','ut',62530,NULL,'1987-07-26 01:49:04','2012-07-10 00:18:30'),(34,34,34,'Mollitia assumenda et magni architecto autem et qui. Quas laboriosam laborum qui doloribus. Commodi deleniti ut aut illum. Illum facilis repellendus modi.','nisi',273,NULL,'2004-03-14 00:04:00','1990-07-18 22:48:44'),(35,35,35,'Numquam assumenda aut provident eaque. Sunt quas neque ut. Ut consequatur non qui ipsum.','dolorem',2,NULL,'1995-11-02 04:25:54','1974-04-06 13:36:05'),(36,36,36,'Suscipit eaque officiis consectetur et. Iure nihil eum reprehenderit suscipit. Debitis est corrupti sint numquam dolor dolor sapiente.','omnis',1503401,NULL,'2002-02-22 18:30:22','1994-01-19 19:28:29'),(37,37,37,'Omnis rerum autem aspernatur repellendus. Voluptatum saepe quidem nesciunt eum omnis et. At enim porro non rem incidunt magnam atque. Et et labore molestias quisquam voluptatem cum sapiente sed.','magni',6,NULL,'1995-10-11 12:55:01','2013-06-11 23:19:21'),(38,38,38,'Et esse molestias quod quae voluptatem ea dolorem non. Ut omnis qui dicta assumenda. Eligendi doloremque temporibus doloremque nesciunt possimus veritatis. Quaerat enim animi fuga ea magnam.','rem',3380,NULL,'1981-03-27 08:04:55','2019-08-10 20:18:35'),(39,39,39,'Accusantium et officia voluptatem ullam debitis iure deleniti quia. Quam eligendi quos vel. Doloremque incidunt debitis magnam sed consequuntur.','assumenda',0,NULL,'2015-04-20 19:23:18','2003-04-23 07:15:32'),(40,40,40,'Beatae asperiores facere aut totam quia deleniti dolor. Aut ullam et et aut. Explicabo aut est autem quo rerum blanditiis voluptates sunt.','corporis',72278,NULL,'1989-03-11 13:38:26','2010-04-29 13:11:38'),(41,41,41,'Nisi aperiam aut cumque voluptate eos sapiente harum. Quisquam consectetur aspernatur quis velit consequatur. Neque quae quo est. Impedit doloribus corporis qui.','quis',668964081,NULL,'2008-10-21 21:53:13','1989-05-22 03:01:39'),(42,42,42,'Necessitatibus ratione repellat minus magni velit eos ut. Impedit in et corrupti saepe. Laboriosam nihil qui quia culpa asperiores qui quis.','molestias',29930,NULL,'2007-04-17 02:11:32','1987-03-22 14:06:36'),(43,43,43,'Inventore id cupiditate nostrum eius et. Debitis neque sint nihil. Laudantium culpa nemo dolores dignissimos. Voluptatum consectetur aperiam quo explicabo unde. Amet dolores cupiditate eligendi vel ut distinctio exercitationem omnis.','aperiam',604,NULL,'2009-12-28 22:55:19','2015-02-24 23:04:02'),(44,44,44,'Et repellat qui ratione. Blanditiis non facere adipisci aut. Quia sed est quia natus nihil consectetur et.','repellat',2427313,NULL,'1970-06-13 07:09:02','1980-11-25 17:08:26'),(45,45,45,'Laboriosam voluptas necessitatibus porro minus id quam. Magni nihil et tempore optio. Libero unde autem ratione.','ea',3928,NULL,'1974-01-08 02:09:02','2003-07-28 04:32:10'),(46,46,46,'Quisquam ratione et vero harum. Sit sapiente nostrum nihil deleniti molestias libero et. Autem sint ea est magni voluptas.','alias',613580741,NULL,'1985-05-01 21:21:23','2012-04-22 17:56:42'),(47,47,47,'Repudiandae et illo officiis. Sed facilis sapiente accusantium voluptatem qui qui non. Enim odio quo quos modi. Ut dignissimos rem voluptatem aut consequuntur.','veniam',455439607,NULL,'2019-11-28 21:55:33','2018-08-14 12:20:51'),(48,48,48,'Odit voluptatem omnis dolorem dolorem et vel quia. Possimus expedita in rerum velit.','labore',7114,NULL,'2015-03-19 21:37:01','2016-08-30 18:45:49'),(49,49,49,'Dolorem beatae veniam magnam doloribus impedit aut laborum. Iure error fugit vel earum rerum cupiditate aut. Est tenetur at dolorum repellat. Corrupti distinctio quae nam distinctio. Vel reprehenderit voluptatem necessitatibus voluptatum enim nisi qui.','consectetur',51231,NULL,'2003-09-29 21:51:11','1985-03-08 14:27:13'),(50,50,50,'Beatae qui molestiae quisquam qui voluptatem dolores ut. Officia ea laboriosam dicta maxime dolores vel. Explicabo quia labore ad ut magni ab repellendus sed.','tempore',7610,NULL,'2012-12-28 16:48:57','1986-01-18 13:07:23'),(51,51,51,'Nesciunt provident fugit quas eos. Ad rem ad ipsum. Id quae voluptatum maiores amet nobis. Magnam ex ipsam molestiae animi. Iste est enim voluptatem optio non deserunt.','velit',61312709,NULL,'2015-04-11 22:21:38','1983-05-28 01:03:13'),(52,52,52,'Sequi quam ullam explicabo similique consequuntur laudantium illo. Recusandae autem animi repellendus est quis est. Aut laborum et ipsum illo. Qui voluptate quia dolores ut nemo.','est',9,NULL,'2018-12-29 18:00:05','2004-04-15 16:57:58'),(53,53,53,'Sed sequi dolores deserunt et. Voluptatem laudantium dolorem facilis totam explicabo reiciendis eaque qui. Doloribus nisi voluptatem non deserunt odit. Et voluptate quidem deserunt voluptas dolor nemo voluptates saepe.','officia',0,NULL,'2006-01-15 21:16:00','2008-04-23 00:34:01'),(54,54,54,'Dolorem et est iure dolores aut. Ut commodi magni explicabo vel quasi eum quam.','fuga',350600343,NULL,'2011-04-03 05:27:37','1984-05-25 08:44:37'),(55,55,55,'Cumque fuga ex debitis id ipsam. Ut harum doloremque rerum quibusdam blanditiis placeat rerum. Incidunt sit eius at in reiciendis rerum velit.','quia',1314,NULL,'1986-11-02 02:35:50','1986-10-16 05:08:32'),(56,56,56,'Eligendi est distinctio id et. Ab ratione fugiat dolores distinctio aut id impedit.','ducimus',60066,NULL,'2014-09-15 00:25:31','1997-02-06 00:04:12'),(57,57,57,'Quisquam earum voluptas eligendi saepe enim dolore maiores. Omnis aut beatae error eligendi saepe ipsam. Rem corrupti tempore qui est quae temporibus corrupti.','eos',66152197,NULL,'1993-11-15 02:22:29','1988-01-13 00:54:19'),(58,58,58,'Molestiae consequuntur non maiores ex. Et enim numquam quod aspernatur nesciunt eos aliquam. Quas eligendi eligendi placeat qui. Itaque veritatis et cumque iusto nobis consequuntur magni.','non',0,NULL,'1972-12-22 13:01:47','2009-05-04 05:23:13'),(59,59,59,'Et voluptatum nostrum odit voluptatem commodi autem veritatis. Quia tempore ut cum eveniet animi omnis. Necessitatibus sed nostrum vel quia ipsam nihil veniam. Suscipit inventore recusandae quis provident.','tempora',5778395,NULL,'2006-11-12 08:04:44','1978-09-30 22:32:33'),(60,60,60,'Officiis consectetur commodi sit. Aut veniam maiores quia aut omnis molestiae aut. Consectetur voluptate similique dolorem quae rerum enim quae. Ipsa repellat quisquam ipsa impedit repellat rerum doloribus.','voluptas',58,NULL,'1973-09-11 18:32:22','1992-12-16 03:50:25'),(61,61,61,'Id at aut enim aspernatur aliquam. Quibusdam fugit consequuntur nemo quo. Quia dolor consequatur cum id temporibus.','sed',35421186,NULL,'2006-01-24 11:16:33','2019-10-27 20:45:10'),(62,62,62,'Doloremque est ut a molestiae id sed. Reprehenderit eligendi a quia aut illum. Vero aliquam temporibus quaerat ut distinctio exercitationem.','similique',6,NULL,'2013-10-22 21:34:58','1998-03-07 16:00:07'),(63,63,63,'Excepturi necessitatibus quis a enim dolorem illo. Aut hic ut qui totam. Ut quia ea quia aut beatae.','delectus',241421,NULL,'1976-03-04 00:55:29','2013-11-09 01:51:57'),(64,64,64,'Illo soluta laboriosam pariatur tempora natus aliquam. Reiciendis dignissimos alias sint non. Asperiores dolores rerum accusantium voluptatem inventore molestias aut.','sunt',8909668,NULL,'1986-08-21 10:56:34','2018-08-09 16:53:23'),(65,65,65,'Cupiditate nulla sunt maxime laborum. Quaerat dolor odit aliquam nostrum et corporis. Ipsum qui quibusdam dignissimos.','ab',183565953,NULL,'2013-01-25 00:31:01','1974-12-19 07:46:26'),(66,66,66,'Harum id aut neque aliquam voluptatum quia placeat. Pariatur non occaecati accusamus distinctio sapiente sint non sit. Temporibus enim est aut et commodi.','tempora',1162231,NULL,'2018-11-25 11:32:59','1973-09-05 21:21:46'),(67,67,67,'Iusto quam voluptate mollitia est earum consectetur. Nesciunt sit quia non quae neque consequatur autem. Architecto eum harum voluptatibus a quod aut. Minus eos saepe inventore rerum.','optio',9331949,NULL,'2019-10-11 01:14:56','1989-03-13 03:58:22'),(68,68,68,'Et et voluptas tempore provident eum consectetur. Voluptatem iure dolores sint aut distinctio. Earum officiis voluptatem corporis recusandae ullam quo.','eos',5108,NULL,'1983-12-11 22:53:00','1986-01-26 06:14:44'),(69,69,69,'Et voluptas amet atque et dolores vel porro dolorem. Repellendus et in blanditiis et eveniet qui. Magnam molestiae natus laudantium enim nobis aliquid. Repellendus esse adipisci fuga unde aut maxime ea.','fuga',1053359,NULL,'1975-07-24 20:27:59','1977-06-03 16:29:27'),(70,70,70,'Aut iusto mollitia et et ipsam possimus et. Saepe illum enim blanditiis eligendi consequuntur quod. Aliquid velit ut accusamus vel incidunt dolor. Aut porro est vel incidunt cumque magnam similique et. Quam et sit aspernatur.','quis',0,NULL,'1996-07-16 03:26:32','2019-06-27 10:51:03'),(71,71,71,'Labore molestias non illum. Qui totam quia suscipit. Minima eius reiciendis cumque nihil ipsam exercitationem odit. Nobis est nemo velit illum.','quia',8,NULL,'1989-06-20 18:34:11','2011-04-05 08:29:58'),(72,72,72,'Sunt magni dolor ipsa repellat praesentium tempore et. Quibusdam assumenda dolores neque in itaque unde iusto. Modi porro itaque et voluptatem sit adipisci.','minus',18537186,NULL,'1993-06-14 02:53:41','1997-11-26 16:30:33'),(73,73,73,'Provident culpa tenetur inventore culpa. Beatae eius ad voluptas provident magnam quia. Eligendi cumque qui enim nobis quia minima ipsam.','nam',3026710,NULL,'2008-05-19 07:45:24','2017-10-16 05:57:47'),(74,74,74,'Sed reiciendis tempora reprehenderit non numquam impedit est. Rem sint minus doloremque qui quia in optio unde. Ad necessitatibus praesentium quia voluptate. Est reprehenderit et quas omnis.','eaque',2822,NULL,'1974-06-28 16:18:24','2004-07-01 17:17:26'),(75,75,75,'Molestias quia voluptatibus nobis eaque enim impedit. Quis culpa quod beatae reiciendis molestiae. Cum laborum quia qui repellat non. Ipsa quia sapiente numquam reprehenderit.','exercitationem',0,NULL,'1982-09-13 16:36:10','1981-06-28 09:48:35'),(76,76,76,'Blanditiis nobis est aut quia. Optio aut dolores tempora eaque voluptatem. Sunt et et sed et. Deserunt voluptate similique aliquam rerum.','et',3971,NULL,'1974-06-28 15:13:24','1970-07-28 04:45:12'),(77,77,77,'Voluptas qui dolorem omnis ea eum et dolores. Consequatur rem quisquam et corrupti beatae labore voluptatibus. Cumque odit corrupti praesentium vitae illum qui. Cumque suscipit deleniti et magni sequi.','molestiae',7560901,NULL,'1973-01-12 11:29:56','1990-07-17 15:57:31'),(78,78,78,'Qui ea qui nulla rem illo exercitationem non. Sit ut aliquam dolorem distinctio debitis facilis. Quidem et ex dolorem ea cumque tempore. Consequatur veritatis numquam inventore voluptas cumque a ipsam.','quas',7740,NULL,'1991-05-01 02:44:23','2007-01-14 09:59:39'),(79,79,79,'Eveniet ut magnam eaque excepturi quia voluptas ut. Ipsa quia quibusdam cumque repellendus et.','dicta',10050,NULL,'2008-12-22 15:44:27','1976-09-03 23:00:39'),(80,80,80,'Et voluptatem dignissimos repellendus impedit. Quas libero ullam repudiandae ut nam. Earum error et nemo tenetur quas voluptatibus voluptates.','explicabo',4611,NULL,'1987-07-07 22:02:04','2015-01-21 18:39:12'),(81,81,81,'Eius ut nemo et saepe animi velit natus sapiente. Dignissimos nobis ipsum consequatur sit voluptates facilis dolor cum. Atque error corrupti itaque impedit sit. Earum assumenda veritatis nisi adipisci corporis et omnis. Culpa aperiam quasi ipsam minima.','rem',91,NULL,'1995-09-22 19:15:40','1990-05-07 13:43:16'),(82,82,82,'Eaque laudantium distinctio voluptatum nesciunt mollitia. Ut et iste quae ea voluptatem consequatur.','dignissimos',2525086,NULL,'1970-01-03 16:45:48','1996-08-15 19:03:00'),(83,83,83,'Impedit qui qui aspernatur sapiente consequatur qui similique. Deserunt similique hic enim voluptas qui reprehenderit omnis ut. Nihil repudiandae enim suscipit commodi blanditiis perspiciatis magnam.','voluptatibus',92891906,NULL,'2000-03-03 08:50:44','2003-12-08 22:18:13'),(84,84,84,'Eos illo aut est in. Delectus qui ullam ut ipsa occaecati sequi eum. Commodi quas ullam quasi molestiae accusantium. Ut ut quo rerum et rerum et.','ut',905661,NULL,'2016-08-24 15:33:29','1983-10-24 17:58:38'),(85,85,85,'Error doloribus non ducimus esse modi. Nesciunt et et ut delectus. Dolores error voluptatem libero ad qui.','quisquam',0,NULL,'1992-12-30 10:41:50','1998-07-19 04:14:39'),(86,86,86,'Et ea sed repellendus dicta quis et facilis ratione. Libero quisquam ratione voluptate rerum doloribus. Consequatur enim sed aut commodi natus eum expedita. Numquam id impedit a fugit vero.','accusamus',9056,NULL,'2012-12-25 08:28:45','2007-03-02 02:30:43'),(87,87,87,'Sunt tempora quod ipsum ut labore. Et distinctio aut sed quibusdam omnis qui impedit. Temporibus id vero sit quae. Cupiditate ipsa voluptas quasi quia delectus magni. Quas natus vitae ut unde voluptatem omnis dolore.','velit',2287764,NULL,'1976-12-27 19:26:37','2015-04-04 12:27:02'),(88,88,88,'Laudantium amet qui praesentium tempore. Quis reiciendis ab praesentium culpa eligendi eius. Nam dolor impedit libero ut sunt.','voluptatem',906929,NULL,'2011-06-26 00:34:12','1996-12-21 11:54:38'),(89,89,89,'Neque ipsa saepe ab quia. Delectus molestiae amet minus voluptatem sint. In velit ex in ab impedit vero odio. Molestiae in et dicta voluptas excepturi porro quia.','quo',52738,NULL,'2003-12-07 14:14:43','1979-08-06 15:33:34'),(90,90,90,'Dolorem ipsum qui voluptatem odit vitae eaque. Voluptatem molestiae voluptatem voluptatem ut molestiae inventore. Eos dolor cupiditate unde ipsam aspernatur. Iusto voluptas aut corrupti velit.','voluptatibus',62350,NULL,'1995-06-24 21:44:35','2001-05-24 08:44:42'),(91,91,91,'Sequi amet iste id delectus velit exercitationem blanditiis. Magni accusamus numquam praesentium fuga error. Officiis molestiae sed suscipit qui quasi.','error',5014960,NULL,'1985-12-05 17:05:46','2004-01-27 07:21:29'),(92,92,92,'Molestiae maxime non corporis sint consequuntur est. Beatae ipsum et aut at debitis. Voluptatem occaecati quaerat quia aliquam voluptatem consectetur. Ea ratione ipsa esse deserunt praesentium architecto.','sed',169347650,NULL,'1990-02-07 11:51:18','1988-08-19 09:15:15'),(93,93,93,'Pariatur nihil ut aliquam dignissimos et magni neque eos. Odio expedita velit vero totam dolorum ea voluptate dolorum. Nostrum sapiente nihil enim expedita.','et',1,NULL,'2008-01-31 22:57:13','1996-09-17 19:51:53'),(94,94,94,'Eius a praesentium omnis esse. Saepe laboriosam tempore saepe consequuntur earum placeat. Facilis corporis doloremque eum velit.','ea',71076669,NULL,'2004-03-31 06:09:35','1983-09-17 10:35:41'),(95,95,95,'Eveniet doloremque doloribus accusantium tempora quisquam. Voluptas excepturi cupiditate iure voluptas nihil sit consectetur. Voluptatum cum sit soluta reprehenderit repudiandae quo voluptas. Repudiandae et debitis eos voluptates aut.','voluptatem',987736,NULL,'2017-02-12 01:14:27','1987-06-23 20:31:06'),(96,96,96,'Error corporis ab laborum animi quos nihil provident. Et debitis esse itaque nihil omnis voluptates distinctio. Natus beatae et itaque laboriosam. Odit enim autem fugiat consequatur consequuntur aperiam recusandae expedita.','quae',0,NULL,'2005-01-12 19:45:32','2013-08-27 05:46:25'),(97,97,97,'Necessitatibus veniam nesciunt quia voluptatem fugit. Ea nostrum sit nam ut qui earum voluptatem. Quo non ea fugit laboriosam asperiores earum.','voluptate',7847749,NULL,'1974-04-23 05:44:51','1994-09-26 15:08:43'),(98,98,98,'Ullam aut nobis quia eos. Quaerat nam itaque facilis natus.','numquam',4003,NULL,'2009-09-03 13:58:10','1975-04-26 00:23:13'),(99,99,99,'Sint ducimus laboriosam et illo consectetur quasi rerum. Quaerat totam aut nulla numquam ratione omnis dolorem suscipit. Hic quisquam explicabo minima explicabo et et temporibus voluptate.','voluptatem',63,NULL,'1997-04-25 13:05:25','2000-01-05 10:46:01'),(100,100,100,'Et nam aliquid ut. Consequuntur perspiciatis eius nam expedita. Repellat culpa nam dolorem ipsum quo cumque quia.','voluptate',9563019,NULL,'2015-03-19 01:24:26','2011-11-29 07:09:50'),(101,1,101,'Deserunt ipsam quis ut in. Voluptate aut quo omnis exercitationem aspernatur blanditiis et. Velit corrupti id laborum quae voluptas ut consequuntur. Minima fugiat minus aperiam.','nam',531426,NULL,'1996-06-16 16:25:05','1975-03-08 10:03:40'),(102,2,102,'Ad aut vel perferendis sit dicta est nesciunt ipsam. Dolor debitis maxime accusamus quia rerum. Cupiditate eos consequuntur quod reiciendis. Aperiam deleniti ad est aspernatur et.','assumenda',8,NULL,'1981-11-24 07:07:28','1973-01-16 05:29:03'),(103,3,103,'Qui corrupti nisi eos omnis. Sint dolores est minima quibusdam non magni id aperiam. Quia porro ut temporibus magnam unde. Itaque laudantium possimus quo nulla omnis pariatur asperiores.','sed',73730853,NULL,'2009-04-12 21:35:28','2002-02-22 04:18:06'),(104,4,104,'Dolores voluptate modi dicta et est. At soluta necessitatibus omnis maxime sed enim dicta. Dolorem et natus dolorem sapiente. Eos provident veniam aspernatur consequuntur totam nihil temporibus.','tempora',40,NULL,'2017-05-12 20:19:16','1989-03-14 20:14:56'),(105,5,105,'Itaque eaque explicabo eos enim modi rem. Aliquam sit aut aliquid eum quibusdam. Quia libero sit cumque doloremque. Debitis omnis qui aut blanditiis.','libero',0,NULL,'1991-11-09 13:24:52','1995-04-12 17:46:57'),(106,6,106,'Magnam dolorum quas laudantium sint enim illo nemo. Cumque ut modi sequi officia. Qui nisi impedit minus nemo quia iusto. Totam est doloribus officiis repellendus et.','quisquam',901,NULL,'2008-09-15 23:10:35','1988-11-21 11:51:51'),(107,7,107,'Dolorum non non est. Repellendus veritatis rerum incidunt ipsam beatae. Voluptas dignissimos itaque dignissimos libero vero. Minima rerum amet sit tempore reiciendis et modi. Ex voluptatibus non atque.','eos',33,NULL,'2011-07-16 03:25:52','1971-12-24 14:40:10'),(108,8,108,'Repellendus dolores distinctio autem quis aut asperiores officiis delectus. Non ullam quidem expedita. Natus et et labore ut delectus voluptatum voluptatibus. Aut architecto nemo est dignissimos amet totam sit.','praesentium',0,NULL,'1999-02-02 00:20:22','2007-04-18 12:47:22'),(109,9,109,'Modi non perferendis quia enim. Rerum nam eius molestiae veritatis quisquam sequi deleniti sed. Et sunt natus culpa ut aspernatur corporis. Aut maiores ut qui incidunt et nulla.','minima',9,NULL,'1970-11-08 18:24:16','1985-01-15 01:15:39'),(110,10,110,'Laboriosam sint quod amet ab. Qui aut excepturi ullam eaque quis qui vero quaerat. Nulla assumenda omnis iure quas dolor. Nam et dolorem aut nesciunt non tenetur.','quis',41834476,NULL,'1997-12-12 21:49:27','1982-07-29 01:39:36'),(111,11,111,'Fugiat aut ex porro non. Rerum aut nam doloremque quaerat. Laborum praesentium quia rerum asperiores cum. Excepturi aspernatur veritatis accusamus id accusantium ut blanditiis. Veniam quidem ducimus et temporibus et alias perspiciatis.','voluptates',3023,NULL,'1991-11-27 13:02:31','1982-09-16 09:58:57'),(112,12,112,'Aut quidem et omnis autem consequuntur. Ea doloribus libero quaerat dignissimos. Nisi qui itaque consequuntur dolore deserunt ea.','velit',720690835,NULL,'1995-05-19 22:30:16','1985-12-16 07:16:09'),(113,13,113,'Maiores dolor incidunt exercitationem omnis. Fugiat eum ea molestiae voluptatibus.','recusandae',8780917,NULL,'2003-12-05 11:52:27','2004-11-28 17:55:40'),(114,14,114,'Distinctio molestias voluptas amet fugit voluptates sequi eligendi. Aspernatur accusantium nostrum voluptatem ut doloribus voluptate sunt recusandae. Non ipsum sequi itaque quia labore.','nesciunt',18374,NULL,'2000-07-05 23:11:28','1975-05-15 09:13:11'),(115,15,115,'Quasi minima aut dolor aut. Hic atque sint minima doloribus beatae maiores. Est sint alias sint qui voluptatum officia sed. Aperiam iste et et ut et sit.','voluptatibus',864598,NULL,'1976-05-12 08:51:19','2018-06-04 07:11:11'),(116,16,116,'Aliquid et nihil nesciunt voluptatem ratione vel maiores atque. Non sed hic fuga dolorum et. Ad est sed nobis explicabo. Velit tenetur sit voluptas deleniti.','qui',469,NULL,'1989-01-19 04:50:50','1983-05-02 09:51:29'),(117,17,117,'Similique vel velit dolorum ducimus quo. Laborum ipsum magni consequatur optio rem quae enim ut. Enim id accusamus facere culpa sunt magnam dolorum. Ducimus iusto amet eos. Sed error odit illum.','commodi',0,NULL,'1981-02-08 00:36:10','1995-11-26 01:08:27'),(118,18,118,'Nam repellat et libero enim. Sint occaecati dicta animi in ipsa voluptatibus neque. Quae eveniet vero earum ea. Sit odit repellendus aliquam deleniti rerum tenetur.','itaque',274457954,NULL,'2018-01-24 21:03:57','2015-11-23 02:35:30'),(119,19,119,'Provident corrupti libero dolor quo suscipit eveniet. Rerum repellat nulla enim et blanditiis ratione quod autem. Voluptates et et quod assumenda perferendis.','est',4968,NULL,'2018-07-05 14:27:10','1991-10-29 16:40:46'),(120,20,120,'Quis aliquid est quis ducimus temporibus illum. Illo saepe impedit voluptates fuga eligendi vitae maxime. Quibusdam vitae sit molestiae eius. Pariatur quibusdam ab sint aut.','sit',0,NULL,'2019-08-14 21:57:12','1985-07-13 15:44:36'),(121,21,121,'Voluptas unde facere harum possimus. Voluptatem eligendi id et vel quis cumque. Sint dolore dolorem magni enim saepe est doloribus eius.','voluptas',11036273,NULL,'1977-07-19 17:31:16','2007-12-18 03:14:29'),(122,22,122,'Doloremque illo nihil in ipsum. Possimus accusamus dolorem beatae aliquid. Consequuntur mollitia dignissimos nesciunt explicabo odio molestiae. Qui non quis ut saepe eius. Vitae asperiores et qui.','veniam',5545604,NULL,'1990-11-11 15:55:24','1973-05-25 21:10:03'),(123,23,123,'Qui expedita repudiandae maxime fugit consequatur praesentium. Assumenda praesentium dolor voluptatibus expedita modi praesentium. Ea soluta fuga nisi nihil. Optio saepe id itaque ut qui dolorem eligendi cumque.','iure',424808,NULL,'1989-05-02 20:24:12','1994-07-01 00:44:48'),(124,24,124,'Possimus quia assumenda nihil quod. Accusantium voluptatem numquam possimus distinctio.','repudiandae',89268,NULL,'2012-11-29 17:22:59','1977-03-25 15:52:43'),(125,25,125,'Ut enim quae distinctio velit qui. Totam ipsa quibusdam rerum ut qui minus suscipit vel. Vitae velit quas nemo nisi reiciendis voluptas cupiditate. Magni quisquam ratione iure rerum aut.','earum',83846749,NULL,'2002-12-23 16:25:48','1984-03-14 18:04:12'),(126,26,126,'Quia est temporibus dignissimos et. Quo enim possimus qui asperiores. Velit adipisci laudantium illum quidem facilis maiores omnis corrupti. Numquam rerum quod ratione in magni commodi.','impedit',962615,NULL,'1984-10-16 13:31:21','2011-11-16 05:32:58'),(127,27,127,'Modi modi qui dolorum aut quo. Quis vitae et quibusdam illum. Quo alias doloremque itaque corrupti alias omnis. Perspiciatis minima id iste velit.','impedit',2,NULL,'1987-12-07 10:11:15','2016-06-22 11:10:53'),(128,28,128,'Natus optio mollitia neque. Nesciunt et officia voluptates corrupti. Qui est ut quaerat asperiores qui explicabo qui.','occaecati',3435,NULL,'1992-10-01 22:41:20','1984-03-17 21:49:00'),(129,29,129,'Vel magni distinctio vel consequatur. Et velit harum est et ex. Voluptatum quas et enim saepe et. Sit aut aut sit necessitatibus fuga voluptatem. Qui possimus qui dolor voluptates blanditiis et repudiandae.','autem',3050829,NULL,'1990-07-27 08:23:15','1981-11-16 11:56:42'),(130,30,130,'Quis vel nisi nesciunt quibusdam perferendis. Voluptas soluta qui iste quia repellat hic sapiente minima. Illum autem ut similique. Aut et amet voluptates nostrum esse.','ab',218121737,NULL,'1974-10-28 03:57:11','2001-01-30 07:14:18'),(131,31,131,'Rerum in doloribus assumenda autem laborum vel. Sed sed tempore dicta. Sapiente eum repellendus voluptas magnam fuga voluptatibus perspiciatis.','aliquam',329,NULL,'1992-06-12 04:48:14','1990-04-06 15:58:57'),(132,32,132,'Ipsa non repudiandae voluptate. Tenetur dolor distinctio dolore vero delectus. Ex est sed doloribus pariatur perspiciatis magnam.','expedita',9192,NULL,'1981-09-04 11:48:29','1994-03-21 03:49:36'),(133,33,133,'Officiis saepe est enim. Facere nisi perferendis fugiat aut omnis soluta. Dolore sunt nemo accusantium non repellat. Est debitis ea et quibusdam sed.','qui',5,NULL,'2000-04-12 10:47:48','1986-07-15 16:46:57'),(134,34,134,'Cum inventore totam qui tempore. Assumenda sit facere vero nihil.','optio',1484596,NULL,'1999-12-21 04:08:38','1988-07-07 08:42:45'),(135,35,135,'Et voluptatum officiis amet quia ea. Omnis voluptate quaerat id et ex animi accusantium.','enim',2710364,NULL,'2019-09-22 07:42:30','2008-11-07 16:21:49'),(136,36,136,'Eligendi exercitationem doloribus fugit perspiciatis quia doloribus. Repellendus placeat dolores fugiat minima tempore officia. Rerum aut totam voluptatem nihil aut est est. Alias quia temporibus consectetur deserunt.','qui',157395,NULL,'1972-01-11 17:38:00','1970-08-15 21:46:47'),(137,37,137,'Nemo minus aut adipisci et cumque. Totam dicta odit dolorem repellendus. Natus pariatur et quo hic qui. Officiis et voluptas voluptas incidunt rerum ullam nemo.','fugiat',76565841,NULL,'1993-10-09 10:45:16','1994-11-28 00:36:05'),(138,38,138,'Sit nulla occaecati aut numquam. Et qui repellendus quia voluptatem. Facere ducimus veritatis iure saepe et aut enim. Nisi qui omnis culpa quia vitae qui ipsam qui. Ipsam molestiae corrupti reprehenderit dolor.','sequi',7565606,NULL,'1999-01-06 06:19:54','1971-05-02 18:35:34'),(139,39,139,'Delectus quisquam consequatur quibusdam explicabo voluptas libero laboriosam aut. Aut maxime perferendis odio ut earum. Praesentium perferendis est laudantium ipsa molestiae ipsam. Officia deleniti dolorum autem esse a corrupti voluptatem.','molestiae',38218,NULL,'2016-11-11 16:10:21','1974-03-14 09:14:59'),(140,40,140,'Sunt et et praesentium enim ipsum sit. Quia magni aut rerum amet quaerat unde. Ipsa quod et consequatur inventore cupiditate animi. In quis harum eos et dolorem reiciendis.','et',832687574,NULL,'1998-05-12 06:05:27','1983-05-22 05:54:11'),(141,41,141,'Aliquid corrupti veritatis hic autem eius accusamus quo eum. Voluptatem possimus nulla soluta beatae omnis quia sint architecto. Aliquid nemo nihil commodi et velit qui omnis.','excepturi',34492,NULL,'2006-05-04 13:46:16','1984-07-17 02:04:52'),(142,42,142,'Iure ullam sed quaerat soluta accusamus. Aut unde enim corrupti. Praesentium nam natus nisi nobis illum.','saepe',763349,NULL,'2015-05-17 05:55:07','1996-09-20 03:39:42'),(143,43,143,'Rem eos unde nobis dolor ducimus impedit et. Quia dolore sed deleniti est ut. Quod ipsum sed et saepe. Eveniet tempore est laborum dolore. Sed quasi nihil pariatur in.','rem',7381,NULL,'2000-02-07 14:46:30','1996-10-09 09:34:11'),(144,44,144,'Repudiandae eius neque voluptas natus quia placeat debitis magnam. Minus praesentium maiores laboriosam omnis. Quia velit facilis voluptas nihil dolor quo omnis.','quibusdam',27,NULL,'2013-09-20 07:40:30','1997-03-24 04:54:10'),(145,45,145,'Adipisci facere odit consectetur ab nostrum. Mollitia asperiores et harum ducimus ratione odit est. Optio deserunt cupiditate ea.','rerum',118518,NULL,'1994-10-31 05:45:31','2017-08-11 10:22:11'),(146,46,146,'Asperiores iusto magni modi facilis mollitia. Maiores aut qui aut nisi illum nam. Minus ea ab qui vel fugit nulla. Sit est quas nihil.','vel',278570322,NULL,'1994-07-16 08:38:05','1993-05-03 23:39:30'),(147,47,147,'Rerum eum ullam libero optio. Mollitia amet magni odio nihil non est facere. Qui ut animi et ut numquam sunt veritatis. Ducimus similique quibusdam aut.','ipsa',5,NULL,'2009-06-28 15:01:27','2014-09-17 14:01:47'),(148,48,148,'Quo optio nihil fuga et sequi. Sequi tenetur et hic sed. In officia et modi magnam. Eveniet cum minima ut animi aut totam omnis.','cumque',59,NULL,'2013-10-17 19:31:15','1997-09-16 16:31:20'),(149,49,149,'Nisi dignissimos nostrum ut enim. Sint et repudiandae libero minus aut. Enim eius in quia magni vero rem.','voluptatem',8052,NULL,'1976-05-17 06:31:24','1994-03-07 15:50:18'),(150,50,150,'Sit dolor expedita dicta suscipit esse ea ea enim. Eligendi dolorem blanditiis esse facere atque facilis. Non est nostrum vero et ut necessitatibus sequi est. Nemo aut repellendus error est voluptates placeat omnis.','voluptas',8770,NULL,'1976-02-23 10:17:38','1981-12-28 14:26:09');
/*!40000 ALTER TABLE `media` ENABLE KEYS */;
UNLOCK TABLES;

--
-- Table structure for table `media_types`
--

DROP TABLE IF EXISTS `media_types`;
/*!40101 SET @saved_cs_client     = @@character_set_client */;
/*!40101 SET character_set_client = utf8 */;
CREATE TABLE `media_types` (
  `id` bigint unsigned NOT NULL AUTO_INCREMENT,
  `name` varchar(255) CHARACTER SET utf8 COLLATE utf8_unicode_ci DEFAULT NULL,
  `created_at` datetime DEFAULT CURRENT_TIMESTAMP,
  `updated_at` datetime DEFAULT CURRENT_TIMESTAMP ON UPDATE CURRENT_TIMESTAMP,
  PRIMARY KEY (`id`)
) ENGINE=InnoDB AUTO_INCREMENT=101 DEFAULT CHARSET=utf8 COLLATE=utf8_unicode_ci;
/*!40101 SET character_set_client = @saved_cs_client */;

--
-- Dumping data for table `media_types`
--

LOCK TABLES `media_types` WRITE;
/*!40000 ALTER TABLE `media_types` DISABLE KEYS */;
INSERT INTO `media_types` VALUES (1,'ut','1999-11-26 14:45:45','2001-03-04 12:09:27'),(2,'repellat','1986-08-28 03:47:35','2004-06-04 10:12:50'),(3,'et','1994-05-24 07:02:44','2014-12-14 22:14:21'),(4,'consequatur','1981-05-01 09:32:23','2006-07-21 04:04:05'),(5,'voluptatem','2006-04-03 00:22:12','2004-10-30 03:45:13'),(6,'perspiciatis','2005-03-09 11:26:53','1971-11-19 04:26:36'),(7,'veritatis','2017-03-16 07:34:02','1979-02-26 03:25:29'),(8,'excepturi','1983-01-23 17:47:14','2001-02-11 07:30:36'),(9,'quis','1999-11-21 11:19:08','1977-09-19 14:20:43'),(10,'repudiandae','1985-08-24 22:45:26','1980-09-22 01:50:40'),(11,'officia','1988-08-05 12:44:19','2010-04-06 15:26:52'),(12,'corrupti','1995-05-24 16:41:30','1999-06-13 16:49:38'),(13,'quo','1988-04-15 22:22:39','1982-07-26 01:17:37'),(14,'doloremque','2002-10-14 10:13:50','1988-08-25 19:04:39'),(15,'ducimus','2003-12-09 09:28:42','2020-01-05 00:10:27'),(16,'culpa','1990-01-31 02:43:19','1993-09-13 22:42:46'),(17,'ipsa','1973-08-01 09:21:19','1986-04-29 06:06:28'),(18,'dolor','1995-04-23 01:58:32','1997-08-01 08:10:26'),(19,'dolore','2017-01-15 21:56:12','2016-12-11 00:35:05'),(20,'culpa','1974-07-09 15:22:50','1983-04-21 01:56:23'),(21,'itaque','2002-02-13 00:55:04','1997-03-16 16:18:48'),(22,'officiis','2010-11-26 05:03:12','1983-07-21 09:33:15'),(23,'ratione','1988-09-03 00:39:49','1974-09-10 17:46:20'),(24,'ipsa','1984-05-14 13:28:15','1991-11-28 09:38:30'),(25,'quis','1980-04-12 00:01:10','2006-10-07 04:20:46'),(26,'omnis','2012-07-09 20:19:25','2000-06-05 18:33:51'),(27,'voluptas','1976-03-13 23:41:16','1987-03-05 09:23:20'),(28,'unde','1996-07-07 12:59:05','2009-07-16 10:03:42'),(29,'ipsam','1996-12-18 09:59:29','1982-03-28 03:25:16'),(30,'nemo','1985-09-07 16:56:38','1970-11-27 03:09:42'),(31,'amet','1975-11-03 19:40:50','1975-05-17 19:04:47'),(32,'culpa','1970-06-03 16:09:04','2015-01-12 17:36:28'),(33,'illum','1982-04-04 10:05:36','2008-01-04 14:23:05'),(34,'dolores','1990-08-19 04:10:52','2012-10-05 18:57:06'),(35,'nihil','2010-08-20 03:09:50','1982-06-08 16:48:50'),(36,'accusamus','1977-04-01 14:19:43','2004-02-19 05:42:20'),(37,'cumque','1970-11-27 13:21:47','1988-12-12 08:35:50'),(38,'vel','1993-04-11 04:52:48','2011-05-08 21:56:13'),(39,'dolores','2006-10-10 08:52:33','2014-05-09 04:48:51'),(40,'et','2003-03-08 16:02:51','1994-09-30 14:12:21'),(41,'expedita','1999-08-17 22:28:43','2008-04-18 10:05:26'),(42,'ab','2010-03-25 16:40:14','2002-03-25 05:17:29'),(43,'quia','1986-08-18 08:57:49','2005-10-29 14:23:27'),(44,'facere','1995-07-17 09:30:30','1977-04-29 02:29:10'),(45,'tenetur','1973-06-28 17:05:25','2008-02-18 18:25:37'),(46,'molestias','1975-07-03 23:48:22','1981-09-22 20:56:36'),(47,'libero','1990-10-13 01:17:50','2018-04-21 14:36:55'),(48,'unde','2001-11-13 19:25:33','1978-01-22 07:48:30'),(49,'quidem','2015-10-11 11:02:39','2008-06-05 08:19:25'),(50,'in','1992-12-28 21:14:06','1970-03-21 00:06:13'),(51,'consequuntur','2005-07-19 03:43:16','2010-01-13 01:22:55'),(52,'et','1976-10-30 06:43:59','1997-12-17 17:12:41'),(53,'provident','1971-06-21 16:05:54','2013-09-22 21:07:07'),(54,'quo','2019-09-23 16:14:48','1992-05-28 01:13:19'),(55,'consequatur','1987-12-08 20:10:12','2019-06-09 14:11:59'),(56,'asperiores','1984-03-12 11:52:47','2014-01-15 22:08:06'),(57,'et','1977-03-19 10:24:16','1985-01-09 09:05:00'),(58,'sit','2013-04-29 03:22:07','1982-09-04 18:13:14'),(59,'aliquam','1994-08-01 11:28:01','2019-10-24 02:21:23'),(60,'enim','1971-07-21 23:17:21','2017-09-05 17:03:57'),(61,'dolores','1971-01-22 21:40:11','1976-05-21 19:05:39'),(62,'occaecati','1990-12-16 17:32:17','1987-02-08 14:57:22'),(63,'facere','1994-01-27 13:58:24','2000-12-12 10:13:46'),(64,'error','1971-05-20 18:06:12','2010-09-11 17:03:22'),(65,'eum','2003-02-01 20:26:27','2002-09-07 18:10:03'),(66,'voluptates','1971-11-05 03:17:23','1987-04-21 14:59:28'),(67,'iure','2002-03-24 13:50:41','2006-09-25 12:33:24'),(68,'ea','1984-03-02 18:40:05','1981-04-22 22:30:45'),(69,'mollitia','1985-05-25 22:57:40','2017-01-31 07:15:30'),(70,'odio','2000-07-27 18:18:32','2015-08-23 04:00:42'),(71,'corrupti','1984-08-22 11:59:03','1989-12-11 08:33:46'),(72,'magni','1997-08-29 02:12:07','1999-11-11 21:34:49'),(73,'temporibus','2019-04-21 14:06:43','2011-01-18 08:16:55'),(74,'occaecati','2007-11-12 19:25:51','2006-05-08 21:29:27'),(75,'animi','1991-06-06 03:35:50','2007-12-15 20:25:03'),(76,'et','2010-12-26 01:34:04','1998-05-02 00:45:44'),(77,'quia','2009-11-30 12:10:53','1996-04-18 01:04:14'),(78,'cupiditate','1995-09-18 00:05:56','1973-01-13 19:39:45'),(79,'veritatis','1994-06-03 06:46:32','1985-01-28 03:20:46'),(80,'vitae','1997-08-28 05:38:11','1983-09-09 02:17:49'),(81,'ab','1986-10-30 18:15:11','2011-12-29 01:38:22'),(82,'debitis','1987-08-21 12:39:45','2003-07-11 07:22:57'),(83,'amet','1972-11-28 01:54:08','1974-12-24 19:22:03'),(84,'aspernatur','2009-06-18 19:54:04','2003-09-23 09:24:28'),(85,'repudiandae','2005-07-07 19:14:03','2015-01-21 04:54:50'),(86,'autem','1976-06-02 20:51:43','2019-08-10 16:22:20'),(87,'recusandae','1978-10-17 23:48:09','2010-08-27 16:43:17'),(88,'qui','2008-06-27 02:43:15','1981-11-22 00:05:16'),(89,'expedita','1988-10-01 15:45:56','1992-07-12 19:15:33'),(90,'voluptatum','2000-05-01 17:06:11','1998-09-16 14:36:24'),(91,'id','2010-04-27 10:18:22','1999-05-22 21:05:13'),(92,'aliquam','2002-05-02 15:25:09','2005-09-01 22:23:23'),(93,'non','2008-05-19 23:32:20','1988-09-01 06:01:40'),(94,'laudantium','1989-12-17 06:39:54','2018-07-24 00:36:16'),(95,'ipsa','1991-04-19 09:46:51','2009-01-08 19:59:05'),(96,'ut','1974-08-14 07:08:49','2014-12-06 03:43:45'),(97,'voluptatem','2006-11-03 08:52:18','1984-07-16 03:14:16'),(98,'eligendi','1994-04-23 07:03:04','2014-02-11 02:37:07'),(99,'impedit','2016-02-03 22:01:39','1994-01-10 21:51:29'),(100,'quidem','1996-12-27 22:22:40','1997-09-27 21:10:25');
/*!40000 ALTER TABLE `media_types` ENABLE KEYS */;
UNLOCK TABLES;

--
-- Table structure for table `messages`
--

DROP TABLE IF EXISTS `messages`;
/*!40101 SET @saved_cs_client     = @@character_set_client */;
/*!40101 SET character_set_client = utf8 */;
CREATE TABLE `messages` (
  `id` bigint unsigned NOT NULL AUTO_INCREMENT,
  `from_user_id` bigint unsigned NOT NULL,
  `to_user_id` bigint unsigned NOT NULL,
  `body` text CHARACTER SET utf8 COLLATE utf8_unicode_ci,
  `created_at` datetime DEFAULT CURRENT_TIMESTAMP,
  PRIMARY KEY (`id`),
  KEY `messages_from_user_id` (`from_user_id`),
  KEY `messages_to_user_id` (`to_user_id`),
  CONSTRAINT `messages_ibfk_1` FOREIGN KEY (`from_user_id`) REFERENCES `users` (`id`),
  CONSTRAINT `messages_ibfk_2` FOREIGN KEY (`to_user_id`) REFERENCES `users` (`id`)
) ENGINE=InnoDB AUTO_INCREMENT=151 DEFAULT CHARSET=utf8 COLLATE=utf8_unicode_ci;
/*!40101 SET character_set_client = @saved_cs_client */;

--
-- Dumping data for table `messages`
--

LOCK TABLES `messages` WRITE;
/*!40000 ALTER TABLE `messages` DISABLE KEYS */;
INSERT INTO `messages` VALUES (1,1,1,'Et necessitatibus omnis excepturi. Sunt praesentium et et qui est quis. Reprehenderit veritatis non voluptatum.','1996-11-01 23:55:02'),(2,2,2,'Est labore id aut aspernatur perferendis dolores aliquam pariatur. Possimus minima voluptatem adipisci voluptatem ut non non. Iusto quis voluptas quia ducimus.','2008-04-27 22:17:02'),(3,3,3,'Exercitationem accusamus ipsa deleniti sit deserunt quis iure. Qui nostrum enim libero assumenda. Aut itaque unde velit dolores sed.','1977-09-08 02:25:39'),(4,4,4,'Omnis blanditiis aliquid aut et rerum ab. Aliquid nam excepturi dolore molestiae. Officiis qui omnis dolore repudiandae. Vero fugiat ut commodi labore.','2015-10-16 20:36:55'),(5,5,5,'Repellendus dolores quis deserunt rerum ut porro. Cum praesentium ratione modi dolorum eius sunt numquam dolor. Sed molestiae eos non voluptas sed. Porro odio maiores ut quas a provident magni. Minus aut magnam neque pariatur.','2010-10-31 22:16:14'),(6,6,6,'At numquam recusandae aut vel dolorem et et. Reiciendis aliquid vel dolor provident beatae porro et. Debitis nostrum quo velit similique.','1986-10-01 23:58:53'),(7,7,7,'Earum nulla rerum voluptates non explicabo ut maiores. Ut temporibus dicta omnis illo qui. Exercitationem aut neque asperiores molestias vero nam voluptatem praesentium.','1986-11-27 12:56:22'),(8,8,8,'Dolore quos quia aperiam dolores similique odit fugiat. Est occaecati voluptatem laudantium commodi velit maxime voluptatem ipsa. Qui consectetur at quasi voluptatibus. Nemo et adipisci sint odit.','1983-11-24 16:41:44'),(9,9,9,'Maxime temporibus nobis sed et. Aliquam dolores et qui voluptatibus impedit. Voluptatem accusamus aut eius.','1990-04-10 13:01:16'),(10,10,10,'Voluptates corrupti facilis aut est aliquid. Nemo aut et odio aut dolore. Praesentium quo temporibus in est est deserunt. Fugiat voluptas aperiam omnis eligendi qui sit.','1989-08-11 23:49:20'),(11,11,11,'Sequi et asperiores dolore et aspernatur beatae. Veritatis sit id sit odio. Mollitia at natus reprehenderit iure aut eveniet id. Omnis dolores omnis culpa maiores aut sed. Natus officiis omnis amet cumque voluptas explicabo.','1981-04-26 06:48:41'),(12,12,12,'Ut excepturi dolor fuga consequatur aut. Corrupti tempora possimus aut iusto quia iste. Consequuntur delectus atque earum aut.','1982-02-02 19:25:38'),(13,13,13,'Officia voluptatibus eligendi voluptas temporibus officia quia eum. Sequi cum repellendus ut corrupti. Veritatis consequatur quisquam veniam est. Amet voluptates aperiam ut quisquam.','2002-09-08 15:59:48'),(14,14,14,'Est blanditiis aliquid voluptate iste. Aperiam quis consequatur sunt corporis magni. Nulla nam et quod.','2001-01-27 07:17:50'),(15,15,15,'Rerum dolore natus fuga porro ea fugiat. Provident harum illum reprehenderit pariatur minima.','1989-02-07 18:26:25'),(16,16,16,'Nobis et consequatur error culpa. Non eaque ratione ut voluptas officia quas voluptatibus. Eveniet numquam nesciunt sed et. Unde dolor ut in. Quae ex iste fugiat repellendus aliquid.','2003-10-26 13:55:33'),(17,17,17,'Architecto rerum repellat odio quia modi. Odio perspiciatis deleniti id expedita est. Veniam non rem quia autem vero. Et quos omnis repellendus rerum.','1978-02-21 06:59:41'),(18,18,18,'Repellat nesciunt sint molestiae aut assumenda. Qui impedit eaque laudantium neque. Magnam eligendi similique eos praesentium. Voluptas dicta odio dolores molestias et sit ut.','1988-09-20 18:46:29'),(19,19,19,'Nam sunt cupiditate reiciendis corporis ipsam similique. Quo corporis nostrum ad dolorum non.','1984-01-28 16:17:40'),(20,20,20,'Consequuntur eum quis quia et et. Dolor repellendus quo rerum nam. Non cum ut recusandae quibusdam possimus.','1981-05-10 14:47:07'),(21,21,21,'Unde et suscipit et quisquam quisquam. Magnam vel qui praesentium voluptatibus error fugiat impedit sequi. Velit dolorem illo ut nihil eaque.','1998-10-10 06:08:37'),(22,22,22,'Soluta ex possimus quod. Ipsa ratione blanditiis sit sequi reprehenderit. Nobis ad optio consequuntur et.','1996-07-16 18:31:00'),(23,23,23,'Ea maxime eligendi dolorem quia ab quis quis. Omnis vitae earum ea. Facilis enim nihil consequatur sapiente repudiandae ducimus. Laudantium rerum mollitia adipisci quo itaque ea.','2017-06-07 16:00:22'),(24,24,24,'Id ratione modi nihil ex laudantium. Autem aut voluptatem sed eligendi similique optio. A labore illo blanditiis ab quae magni repudiandae. Maiores excepturi aliquid aut dolorem omnis et.','2007-12-27 03:32:07'),(25,25,25,'Minus neque ut facilis adipisci excepturi. Repellendus dolorem ut voluptatem commodi maiores eos. Qui mollitia rerum dolores dolores accusantium.','1980-07-19 04:40:25'),(26,26,26,'Voluptatem quia et pariatur. Enim est assumenda voluptatibus saepe quos magni vel voluptatem. Adipisci qui ipsum voluptates. In molestiae officia ullam et atque quia.','1986-01-13 05:43:13'),(27,27,27,'Minima consequatur id et quae. Soluta omnis sint ut odit eaque et dolores. Quia occaecati non voluptatibus sed. Voluptatum molestias deleniti eos neque.','2006-01-04 02:21:21'),(28,28,28,'Neque soluta quos deleniti incidunt molestias itaque. Dolor vero fuga dolorem. Est sed odio qui vero quia dolor. Perspiciatis expedita perferendis error sunt fuga. Sit deleniti et accusantium dolorum omnis cum.','2011-07-30 17:52:11'),(29,29,29,'Eveniet suscipit voluptatem vel eveniet molestias neque earum. Aut voluptatum tempore accusantium qui dolorum et placeat corrupti. Tenetur ullam quas et dignissimos atque debitis. Dicta placeat autem consequatur et.','2007-07-11 08:48:33'),(30,30,30,'Voluptatem omnis dolor pariatur esse et aut consequatur. Iusto quia voluptates magnam blanditiis alias et voluptas tempore. Et quia dolor et. Alias quia eaque dolorum et ab architecto.','2008-08-27 13:52:02'),(31,31,31,'Autem eaque sit et vel sed voluptatibus. Nulla aut autem qui est. Omnis ea iusto sapiente rem ipsum porro dolorem.','2005-08-16 07:48:28'),(32,32,32,'Eos totam omnis quam autem et. Libero dolorem nulla laborum repellat libero sit. Iusto est maiores nihil atque nulla fugit eius.','2012-11-24 11:27:29'),(33,33,33,'Laborum dolor provident et quis aut rerum. Aut at odio exercitationem est mollitia quia dolor expedita. Aut qui quas aspernatur. Harum inventore adipisci vero non omnis occaecati consequatur.','2001-04-18 14:43:12'),(34,34,34,'Doloremque tenetur veritatis modi sed non. Omnis adipisci dolorum est qui. Ut qui fugit quos nobis voluptatem eligendi sed. Enim molestias et aliquam earum provident.','1994-09-25 13:18:15'),(35,35,35,'Omnis recusandae enim officia eligendi quo dolorem. Quia sit dolor quod nobis. Qui veniam eos qui labore dolor qui dolorem et. Qui distinctio autem reiciendis sapiente reiciendis eius.','1976-12-01 06:56:04'),(36,36,36,'Error sint rem sed nemo. Eaque est cumque enim enim recusandae sit occaecati. Repellat ea sint minima qui asperiores aliquam repellendus aliquam.','2009-11-24 11:22:28'),(37,37,37,'Eius esse rem porro. Dolores quo dignissimos ut magni sit. Libero qui ex ipsum consectetur.','1994-12-12 17:18:23'),(38,38,38,'Voluptatem consequatur dolore omnis beatae ex et quibusdam. Dolorem debitis sit vero omnis dolores tempore qui. Voluptatibus possimus voluptates optio ut perspiciatis iure enim. Qui tempore sed eius voluptas.','1985-08-14 12:58:20'),(39,39,39,'Placeat expedita dignissimos ex mollitia qui et perspiciatis. Unde dolores dicta temporibus officiis unde. Tempora quo placeat et.','1982-08-06 03:25:11'),(40,40,40,'Perspiciatis eum rem aliquid repudiandae eum. Explicabo quis sint perferendis at maiores. Aperiam reprehenderit enim laudantium cupiditate. Soluta odit tempora sunt eaque.','1983-06-18 14:48:57'),(41,41,41,'Quos molestias autem est distinctio non possimus totam aut. Natus sunt provident provident explicabo eaque itaque. Reiciendis molestias laudantium aliquid sapiente perferendis facilis molestiae natus. Et illum quia deleniti et ipsum veritatis qui. Maiores alias asperiores odit.','2013-09-09 02:02:28'),(42,42,42,'Eum et quia rerum facilis aut. Accusantium esse est est mollitia iure dolorem aut. Aut minima et harum libero ut quae.','1977-07-16 00:08:09'),(43,43,43,'Et quos maxime nam in qui. Qui enim unde iste nam tempora dolore necessitatibus est. Asperiores ex minus optio praesentium minima a minima voluptatem.','1981-05-11 20:25:10'),(44,44,44,'Consequatur vitae sit corporis excepturi qui et. Fugiat eos aliquid voluptatem sed quia delectus. Nobis ex eius possimus voluptas.','2016-03-11 15:05:46'),(45,45,45,'Ut incidunt quod itaque non sunt. Numquam doloribus dolorem reiciendis excepturi sunt consequatur deserunt.','1998-04-09 09:04:37'),(46,46,46,'Quod dolores dignissimos eius. Ducimus nihil quasi eligendi et sed praesentium harum ab. Dolores ut placeat ratione.','1991-09-29 11:55:05'),(47,47,47,'Enim qui perspiciatis quam nihil voluptatem rerum. Ut aperiam illum molestiae et.','1980-02-14 21:08:34'),(48,48,48,'Ea reprehenderit sunt libero asperiores sint et iusto. Pariatur qui inventore dolorem sapiente cupiditate. Illum ex ipsam et occaecati sapiente. Ducimus dolores aspernatur labore eum quos ut et.','2004-12-05 06:58:47'),(49,49,49,'Libero maxime aperiam nam commodi amet inventore ut aspernatur. Ratione voluptas vel dolorum voluptas autem incidunt. Occaecati libero fugit in ut quaerat quisquam voluptatem consequatur. Et ex quod sint quia consequatur occaecati.','2008-06-10 13:07:47'),(50,50,50,'Et eaque magni molestiae dolores rerum. Ut dolor perferendis placeat occaecati suscipit labore. Delectus et nihil ut non temporibus molestiae ratione possimus.','1996-08-07 12:37:10'),(51,51,51,'Aliquam voluptate earum maiores. Sint autem aut maxime quia quasi error officiis. Totam et nam eveniet quisquam quos. Optio veniam aperiam nihil beatae.','1998-01-21 05:06:59'),(52,52,52,'Et maiores amet et quas hic. Nihil illum qui placeat quia voluptate. Vel officia optio veritatis earum doloremque quo voluptas.','1974-07-21 10:29:16'),(53,53,53,'Nam facilis soluta aliquid consectetur aut ut. Esse ab deserunt eum. Qui error quia quia atque ut corporis doloremque. Ea qui architecto voluptate aut inventore temporibus.','2001-06-08 21:47:04'),(54,54,54,'Architecto et nam accusamus quidem. Delectus atque adipisci vel aliquam animi quod. Deserunt reiciendis dolorum delectus ipsam exercitationem minus.','1995-09-29 13:05:09'),(55,55,55,'Est omnis non nesciunt ducimus odio. Nesciunt enim aspernatur ut inventore quo necessitatibus sunt. Velit consequatur sed consequatur laboriosam eaque dolorum.','1993-10-07 09:13:10'),(56,56,56,'Mollitia quae nobis nihil quos voluptas ipsa beatae rerum. Aliquam rerum vitae ducimus dolorem. Qui dolorum sint laudantium necessitatibus autem non mollitia mollitia. Deleniti et est dolorum saepe.','2006-01-20 10:27:26'),(57,57,57,'Inventore ut autem alias amet. Porro omnis id earum sit reprehenderit iusto. Et sed fuga soluta vel.','1975-03-03 04:06:17'),(58,58,58,'Hic iusto vel sint. Eum deleniti veniam sed. Atque illo possimus repellendus magni sed possimus dolorem.','1996-04-24 17:00:01'),(59,59,59,'Esse ipsa similique quisquam. Sunt rerum a sit enim necessitatibus quo consectetur atque.','1990-09-13 12:18:54'),(60,60,60,'Dolorem autem similique nobis rerum omnis libero incidunt. Ducimus nisi repellendus voluptatem ut. Et temporibus consectetur quaerat voluptatibus repudiandae cumque labore.','1978-10-29 13:27:27'),(61,61,61,'Dolor voluptates fugit a quo vel. Ipsam ratione nulla quia ea. Aut facere omnis consequatur iste blanditiis et iste.','1975-03-04 18:01:40'),(62,62,62,'Qui vero ipsum similique dolor quo nostrum itaque. Corporis sit sit praesentium animi. Rerum sunt nesciunt et sunt hic. Exercitationem sed et dolores cumque pariatur incidunt in accusantium.','2018-03-06 19:44:05'),(63,63,63,'Rerum rem repellendus quae cupiditate consequatur. Officia cum dolore ut voluptatibus iste. Iure nostrum ad laborum nihil odio ea.','1995-12-20 05:58:10'),(64,64,64,'Dolorum repellendus maiores enim vel sint non at. Ut beatae ea quia occaecati veniam. Velit dicta hic at quidem. Eaque eligendi cum sapiente hic iste corrupti eaque.','1999-06-13 04:16:23'),(65,65,65,'Ut repudiandae in sint eos consectetur. Similique iusto natus blanditiis error. Ea magni ipsam et deleniti.','1992-11-18 00:23:45'),(66,66,66,'In eos quae necessitatibus et occaecati corrupti doloremque. Repellendus natus omnis repellendus eos aliquam hic nihil. Nulla omnis iusto voluptatem et aut autem ipsa.','2014-04-08 11:29:59'),(67,67,67,'Non et nisi doloremque at voluptatem aspernatur. Et sapiente exercitationem consequatur ipsa ad. Quam dolores minima qui et sed.','2001-07-29 19:59:56'),(68,68,68,'Voluptatem necessitatibus quis voluptas quasi tempore. Voluptatem ea repellendus eius dolorem consequuntur molestias.','2013-05-06 20:56:57'),(69,69,69,'Consequuntur et explicabo quos eos voluptatem. Suscipit enim debitis perspiciatis et. Qui rerum esse inventore iusto pariatur cum. Est aperiam reiciendis in.','1992-08-15 01:41:39'),(70,70,70,'Quos ducimus est ducimus veritatis eveniet nihil. Dolorum aut et aut ut omnis natus. Quia doloremque delectus saepe enim quis qui. Qui quaerat quaerat doloremque doloribus et necessitatibus distinctio. Mollitia nulla aut aut perspiciatis saepe et est.','2013-06-03 09:13:12'),(71,71,71,'Impedit debitis tempore incidunt non distinctio dolorum. Unde et ipsa maiores voluptatem quis repudiandae molestiae tempora. Sapiente repellendus dolor mollitia doloremque.','2002-11-01 10:57:30'),(72,72,72,'Minus at excepturi asperiores porro quo voluptas aspernatur. Sed voluptatem et pariatur minus sequi. Earum ut ducimus sunt doloremque voluptatem itaque omnis.','2018-09-12 06:50:05'),(73,73,73,'Voluptate quia nulla distinctio magnam deleniti dolorum natus. Expedita illum aperiam porro et veritatis qui. Aut odio excepturi voluptas.','1988-10-12 10:43:07'),(74,74,74,'Consectetur perferendis perspiciatis odit ut rerum porro sed. In itaque magnam corporis. Rerum quos at praesentium.','2010-05-17 20:10:40'),(75,75,75,'Quia tempora totam delectus et aut voluptatum ab veniam. Vitae error autem perferendis qui maxime. Dolor reiciendis est officia facilis unde est rerum dolores. Nulla dolorem sapiente debitis velit enim expedita odit.','1974-04-11 09:16:48'),(76,76,76,'Reiciendis at sint voluptatibus quis molestiae quibusdam. Laboriosam et qui assumenda reiciendis libero cum veniam. Vel architecto omnis ratione sequi.','2006-05-27 03:48:46'),(77,77,77,'Sit illum a corrupti sed. Reiciendis aperiam officiis expedita delectus placeat. Non aut magnam harum.','2006-04-02 13:55:05'),(78,78,78,'Iusto consequatur ut architecto sunt. Sit dolore assumenda sapiente ipsum vel. Quos aliquid libero dolorem modi est iste tempora.','1981-12-19 11:20:10'),(79,79,79,'Neque quis omnis eaque dolorem voluptate eaque. Et quia magni harum repellat temporibus reiciendis. Et perspiciatis non quaerat harum quidem atque. Voluptatibus consequuntur eligendi dolorem ex ut laudantium modi.','1993-02-22 06:35:50'),(80,80,80,'Temporibus debitis dolor ut est quis incidunt. Et nostrum mollitia tenetur culpa qui magni voluptatem. Rerum sint dolor sunt qui accusantium quod recusandae.','1989-11-19 10:15:39'),(81,81,81,'Delectus voluptates quis facere vel quo architecto. Nostrum debitis molestiae dicta et quis nihil qui. Dolor nobis aut numquam repellat molestiae accusamus. Exercitationem quaerat itaque blanditiis et mollitia. Sed modi tempora molestiae recusandae et.','1987-02-12 17:23:40'),(82,82,82,'Recusandae nesciunt dolorum aut dolorum dicta dolorum. Aut deleniti quos ut ducimus. Et quis nam minima eum fugit omnis.','1998-08-18 07:38:11'),(83,83,83,'Corrupti et corporis ut. Omnis et quibusdam a repellat ad qui. Temporibus sit sed omnis debitis doloribus. Fugiat autem officia quia est animi non. Nemo nobis dolorem nihil eos et.','1987-04-22 13:26:33'),(84,84,84,'Adipisci inventore facilis deserunt occaecati veniam laborum. Ea sint laboriosam cum veritatis quae id. Fugiat vero ea cum cumque.','1976-07-04 00:36:18'),(85,85,85,'Dolor omnis voluptas officiis. Ullam accusamus consequatur quisquam sit. Possimus necessitatibus sunt earum ut ratione.','1975-10-19 05:46:55'),(86,86,86,'Velit quam beatae iste id. Cumque molestiae sunt cumque harum. Nisi delectus molestiae vero officia iusto atque officiis.','1990-12-29 09:05:57'),(87,87,87,'Voluptas omnis eum quia nihil ipsam perspiciatis ut. Facere et et et ipsam. Distinctio odit sapiente provident doloribus blanditiis ipsa sit.','1999-02-15 13:00:09'),(88,88,88,'Soluta dignissimos quia itaque iure. Ut ipsam similique asperiores officia voluptatibus. Eaque voluptatum dolor dolor aut vero nam suscipit.','1981-03-17 22:09:57'),(89,89,89,'Iste laborum sunt pariatur animi. Deleniti occaecati et veniam sunt. Cumque eligendi harum delectus ea fugiat culpa. Doloribus ut officiis iste perferendis quaerat. Harum dolor facilis excepturi error ab.','2015-11-03 06:17:22'),(90,90,90,'Cumque laboriosam qui numquam voluptatibus quis nostrum. Et eos suscipit harum ea. Cupiditate dignissimos et vel odit quia dolorem et. Quos distinctio qui tempore autem autem.','1989-04-20 04:35:52'),(91,91,91,'Ut repellendus necessitatibus nesciunt quam quia. Nesciunt quis eos quo aspernatur rem voluptatem. Omnis maxime pariatur amet. Qui et ad qui consectetur.','1991-10-29 03:42:47'),(92,92,92,'Incidunt amet voluptas neque. Accusamus consequatur quia possimus qui voluptatum. Et repellendus officiis qui autem sit. In suscipit atque officia quibusdam.','2002-12-18 16:17:27'),(93,93,93,'Maiores nulla excepturi excepturi corporis saepe provident. Minima tenetur soluta possimus sed sint. Non illum est minus iure tempora ea tempora.','2005-11-26 19:29:40'),(94,94,94,'Nulla odio doloribus excepturi quibusdam. Consequuntur temporibus sint nostrum quidem ad beatae recusandae. Molestiae odit aut hic officia neque tempore. Occaecati dolorem voluptas ea est.','1984-12-23 01:35:52'),(95,95,95,'Aut qui qui et facilis velit repudiandae explicabo commodi. Magnam velit molestiae voluptatem tempore consequatur. Neque aliquam qui eos et ratione dolorem enim. Quis earum voluptatum illo aut est repellendus sed quia. Alias minus ipsum ad suscipit non est nihil.','2001-07-10 06:17:33'),(96,96,96,'Et exercitationem ullam qui facilis nostrum repudiandae. Illum odit deserunt et velit aut et unde. Qui voluptates autem perferendis qui recusandae totam nulla.','1989-06-08 13:43:14'),(97,97,97,'Est repudiandae aut pariatur sed qui. Dolorem maiores velit possimus. Temporibus eum enim quia qui fugit quia eius esse.','1986-06-16 14:24:15'),(98,98,98,'Consequatur vitae laborum dicta tenetur distinctio autem laudantium a. Quidem esse dolores vel rerum nesciunt ullam. Voluptatem atque mollitia iste aliquam eius et. Et repudiandae magnam accusantium id minima.','1998-11-07 12:37:01'),(99,99,99,'Molestiae quia quia autem cupiditate. Consequuntur voluptatem sed fugit culpa et eum rem. Quod porro quidem doloribus harum aperiam aut quod.','2019-10-13 06:53:33'),(100,100,100,'Sit recusandae quis ducimus facilis. Dolorem fugit vel dicta nulla. Et quos nulla excepturi ducimus vero exercitationem aut. Minima quisquam voluptatem illum quaerat nam in.','2000-04-27 14:21:49'),(101,101,101,'Quia non voluptatem officiis. Iste voluptatibus sed et et ut et sed. Aut et aut nostrum et omnis nesciunt. Est consequatur corrupti tempore modi omnis tempore. Incidunt nesciunt maxime dicta et est eveniet saepe.','1982-04-30 22:59:00'),(102,102,102,'Perspiciatis harum tenetur atque non est cupiditate consequatur. Eum ea eos voluptates totam dolor sequi consequatur est. Beatae ipsam voluptate quibusdam. Molestias eum corporis quia eveniet.','1989-02-22 05:11:23'),(103,103,103,'Veritatis consequatur eum dolores qui corporis et et nulla. Sed rerum voluptatum ea quia unde dicta error consequatur. Facere deleniti aut iure temporibus occaecati. Excepturi excepturi et placeat autem nihil.','1986-12-27 07:47:06'),(104,104,104,'In ullam est eaque eum. Voluptatem fugit qui sunt. Quasi ipsa dolorem rerum autem.','1995-02-05 18:14:21'),(105,105,105,'Dicta non qui ut est molestiae tempora ut. Est id minus voluptatem provident ipsum similique. Ipsam vel unde labore rem eos perferendis. Expedita qui dicta facilis ea non.','1986-11-10 03:09:35'),(106,106,106,'Aliquid ex enim quae. Consequatur nihil ullam animi sed. Voluptatem pariatur voluptatibus ut consequuntur odio corporis earum.','2018-06-09 12:13:37'),(107,107,107,'Aut quaerat qui sequi illum. Necessitatibus rerum possimus rerum quaerat. Doloribus sequi dolores deserunt at sunt consequatur praesentium. Commodi consequatur ut omnis.','1992-06-07 11:42:12'),(108,108,108,'Aliquam sequi in consequatur quos sit. Sequi quos ratione quibusdam qui. Eos molestiae aliquam expedita qui.','1984-06-13 14:23:34'),(109,109,109,'Molestiae cumque tempora eius possimus minus et vel. Quia qui sit tenetur tenetur. Est et numquam natus sunt corporis. Sit enim dolor eum rerum delectus et.','1983-12-04 06:53:12'),(110,110,110,'Nihil blanditiis recusandae sint dolorem sed dolores. Minus nisi ipsa sunt doloremque officiis unde. Optio deserunt velit sit explicabo voluptas est aspernatur omnis. Sed architecto illum ipsum optio quia corporis.','1974-08-15 20:54:30'),(111,111,111,'Minus officia quisquam aut. Dolores incidunt debitis sed qui sed. Rerum eos commodi ab nobis.','2006-08-17 15:32:59'),(112,112,112,'Nam nam omnis est iusto in enim voluptatem. Doloremque perferendis fuga quia maxime molestias enim vero. Doloremque tempora maiores qui inventore provident est molestiae sit.','2018-08-22 07:50:50'),(113,113,113,'Ut impedit facilis omnis vero et incidunt praesentium. Sint non deleniti quia atque accusamus beatae. Ab sit dignissimos enim aliquam aut magnam assumenda. At rem provident pariatur sapiente consectetur. Eaque animi autem ut sit.','1990-08-07 23:18:40'),(114,114,114,'Iure quis nam id tenetur similique quidem tenetur consequatur. Sed molestiae maiores porro autem. Saepe cupiditate et molestiae suscipit optio magni eum.','2008-03-05 17:40:21'),(115,115,115,'Molestiae est aut quidem sunt at quia. Suscipit quis minima dignissimos quo cum. Ab perferendis accusantium molestias accusamus asperiores soluta.','1973-04-12 17:34:01'),(116,116,116,'Ipsum deleniti veniam rerum delectus deserunt unde neque. Voluptas aliquid assumenda veniam dolore. Corrupti qui atque quam perferendis est repellendus enim voluptas. Est quaerat doloribus et incidunt voluptatibus quos veritatis.','2011-11-18 21:55:31'),(117,117,117,'Ducimus cum nihil hic ipsam rerum labore. Voluptate tempora consequatur sapiente aliquid animi. Qui fuga commodi quis quia. Ratione sapiente ab quia.','1972-01-06 14:49:48'),(118,118,118,'Eum qui voluptatum dolorem reprehenderit repudiandae eos. Ex dignissimos illo incidunt. Commodi expedita voluptate dolores recusandae.','1999-09-17 13:16:02'),(119,119,119,'Sed autem cumque aut omnis. Voluptatem debitis vero tempore quas tenetur tenetur. Deleniti aspernatur esse molestiae vel. Ut laborum blanditiis iusto sit beatae blanditiis.','1988-01-12 11:07:24'),(120,120,120,'Molestiae et dolorum eius molestiae sapiente. Nisi sapiente dolore at et dolorem nam. Aliquam accusamus ut omnis beatae praesentium sunt. Aut odio necessitatibus alias voluptas ut. Expedita ab tenetur incidunt iure incidunt deserunt.','1987-12-02 10:40:27'),(121,121,121,'Quia commodi qui qui. Quis dicta iure et dicta. Aperiam inventore est aut et deleniti possimus. Vitae odio harum voluptatibus sint incidunt distinctio sed. Error consectetur soluta vel magni molestiae.','1975-02-25 03:17:32'),(122,122,122,'Deleniti voluptate id doloribus provident. Beatae consequatur sunt eum blanditiis. In voluptatem quam aperiam hic officiis.','2018-07-25 02:39:44'),(123,123,123,'Dolorem ut consequatur vel est quia magnam. Nam rerum molestias laborum magnam. Ut repellat soluta labore omnis rerum.','1988-11-23 03:59:32'),(124,124,124,'Perferendis aut adipisci quae et adipisci eveniet. Quos itaque velit voluptatem laudantium.','2001-10-05 02:05:11'),(125,125,125,'Labore tenetur qui quae debitis esse. Laborum quis et officiis a ut libero. Facilis quis est nostrum. Veritatis dolorum labore nam et.','1995-12-03 04:15:21'),(126,126,126,'Sint illo porro excepturi ratione fugit corrupti omnis. Magni vitae similique repudiandae aut consequatur. Itaque aperiam repellat facilis sit.','2004-08-22 12:04:18'),(127,127,127,'Quae eius autem voluptates exercitationem adipisci ex voluptatem doloremque. Eum officia deserunt dicta magni ratione iure quod. Labore sunt quisquam unde quisquam.','2017-02-22 16:34:59'),(128,128,128,'Recusandae quibusdam odit consequatur tempora possimus. Maxime eum omnis voluptas enim sit quas. Ut natus nostrum quidem facilis cupiditate. Aliquam animi rem magni eius assumenda.','1980-05-01 18:00:53'),(129,129,129,'Aut qui doloribus hic velit earum. Sit omnis at distinctio quo odit et.','2014-02-15 15:28:01'),(130,130,130,'Dolores maxime dolore non expedita. Ea et error et qui quos reiciendis soluta.','2004-10-17 19:53:00'),(131,131,131,'Est omnis explicabo sunt quas at enim et. Occaecati ut consequatur reiciendis sint voluptatem labore. Beatae labore eaque rerum soluta sit iste labore qui.','2007-05-16 05:04:55'),(132,132,132,'Voluptatibus nam aut aut distinctio saepe autem. Nobis possimus numquam alias eum et non occaecati molestiae. Omnis aperiam velit sequi quia dolor vero.','1998-08-10 10:20:23'),(133,133,133,'Aperiam aspernatur provident accusantium corrupti. Consequuntur omnis repellendus repudiandae asperiores error quae. Perferendis sit illum dolor ut deserunt.','1997-03-05 12:11:29'),(134,134,134,'Sint vel sed facere ducimus quidem. Molestiae quia doloremque porro voluptatem. Quia aut laborum assumenda consequuntur quia eveniet labore. Architecto officia autem alias et dolorum consequatur ipsum.','1976-07-02 15:51:16'),(135,135,135,'Fugit reprehenderit voluptatem et impedit. Et in alias autem sunt sed enim quia. Est nisi tempore aspernatur odio in nisi dolor.','1992-01-25 22:38:59'),(136,136,136,'Aut blanditiis voluptate tempore magnam nostrum aut rem facilis. Corrupti odio cum dolorem enim. Commodi qui accusantium aperiam illo quae ut eaque.','2005-09-19 13:48:48'),(137,137,137,'Similique et impedit enim a necessitatibus ipsum. Quia adipisci dolorem ab. Eius eveniet vel doloremque voluptates nihil vel sapiente eaque. Eos porro deleniti ab vitae minus est.','2012-01-24 01:36:34'),(138,138,138,'Est velit ut nihil et. Mollitia fuga eveniet cumque cupiditate expedita rem quia occaecati. Maiores quis dolorem et omnis. Distinctio et rerum est cumque voluptas inventore tempore saepe.','2009-09-12 00:27:10'),(139,139,139,'Dolor ea voluptas ad sint qui possimus error. Veniam sunt voluptatum iusto velit. Ea aut quaerat sequi enim et sit laborum.','1974-06-29 04:03:18'),(140,140,140,'Deserunt illum autem earum perspiciatis dolore. Fuga inventore quae ut et a sint nihil debitis. Ipsa neque fugit enim et sunt id. Sint et nihil saepe cumque et enim. Dolores sint rem vero eveniet et et officia.','2017-12-05 18:42:13'),(141,141,141,'Qui et aliquam aperiam iusto. Quis aut officia porro dolor et. Rerum quam mollitia eius voluptatem rerum nam officia repudiandae.','2009-04-17 10:26:30'),(142,142,142,'Reprehenderit neque vitae quasi velit laboriosam. Consequatur necessitatibus numquam sit.','2009-02-21 23:44:27'),(143,143,143,'Eveniet ex optio dolores nostrum assumenda ipsum corrupti. Voluptatem unde illo explicabo nobis qui.','2016-08-01 03:50:45'),(144,144,144,'Perferendis aut consequatur ut quibusdam molestiae et. Qui rem rerum quibusdam velit odit dicta ipsa cumque. Assumenda velit atque tempora qui libero.','2012-06-06 02:10:39'),(145,145,145,'Ipsum qui dignissimos non praesentium. Id qui quibusdam qui tenetur amet facere eius.','2018-01-25 23:39:31'),(146,146,146,'Molestiae explicabo cumque inventore ut asperiores dolor dolor. Aut iusto repellat voluptatum non. Nesciunt in voluptas est ea qui. Voluptas rerum consequatur distinctio omnis a. Id incidunt dolor aperiam autem non consectetur.','2005-05-25 02:47:20'),(147,147,147,'Rerum dolore voluptas iusto. Provident possimus quibusdam quisquam similique repudiandae quia molestiae. Quia sunt labore ab voluptatem. Alias sit delectus in nihil repellendus veniam minima.','2010-10-19 09:34:29'),(148,148,148,'Rerum dolor voluptatem dolor sit. Commodi vero odio voluptas provident consequatur rerum exercitationem. Non natus assumenda nulla iure quisquam harum. Provident omnis deleniti voluptas autem quas sed.','2000-05-25 21:58:28'),(149,149,149,'Quae reprehenderit quis illo et. Voluptatibus aut unde aut nam aliquid illum. Vero nesciunt nam voluptas quod qui. Nostrum rem quia officia dolor hic ut.','2014-09-30 19:39:03'),(150,150,150,'Et et fuga quis qui. Omnis ea omnis consequuntur nam consequatur cum. Modi pariatur hic quod omnis eum et ut.','1987-12-06 01:31:33');
/*!40000 ALTER TABLE `messages` ENABLE KEYS */;
UNLOCK TABLES;

--
-- Table structure for table `photo_albums`
--

DROP TABLE IF EXISTS `photo_albums`;
/*!40101 SET @saved_cs_client     = @@character_set_client */;
/*!40101 SET character_set_client = utf8 */;
CREATE TABLE `photo_albums` (
  `id` bigint unsigned NOT NULL AUTO_INCREMENT,
  `name` varchar(255) CHARACTER SET utf8 COLLATE utf8_unicode_ci DEFAULT NULL,
  `user_id` bigint unsigned DEFAULT NULL,
  PRIMARY KEY (`id`),
  UNIQUE KEY `id` (`id`),
  KEY `user_id` (`user_id`),
  CONSTRAINT `photo_albums_ibfk_1` FOREIGN KEY (`user_id`) REFERENCES `users` (`id`)
) ENGINE=InnoDB AUTO_INCREMENT=101 DEFAULT CHARSET=utf8 COLLATE=utf8_unicode_ci;
/*!40101 SET character_set_client = @saved_cs_client */;

--
-- Dumping data for table `photo_albums`
--

LOCK TABLES `photo_albums` WRITE;
/*!40000 ALTER TABLE `photo_albums` DISABLE KEYS */;
INSERT INTO `photo_albums` VALUES (1,'qui',1),(2,'et',2),(3,'aut',3),(4,'aliquid',4),(5,'qui',5),(6,'est',6),(7,'eius',7),(8,'temporibus',8),(9,'qui',9),(10,'vitae',10),(11,'laboriosam',11),(12,'sunt',12),(13,'error',13),(14,'omnis',14),(15,'rerum',15),(16,'assumenda',16),(17,'est',17),(18,'doloribus',18),(19,'alias',19),(20,'amet',20),(21,'et',21),(22,'inventore',22),(23,'omnis',23),(24,'voluptatem',24),(25,'deleniti',25),(26,'exercitationem',26),(27,'cumque',27),(28,'et',28),(29,'et',29),(30,'velit',30),(31,'magnam',31),(32,'amet',32),(33,'rem',33),(34,'iste',34),(35,'amet',35),(36,'et',36),(37,'doloribus',37),(38,'qui',38),(39,'asperiores',39),(40,'necessitatibus',40),(41,'labore',41),(42,'omnis',42),(43,'libero',43),(44,'dolor',44),(45,'veniam',45),(46,'sint',46),(47,'corporis',47),(48,'ea',48),(49,'qui',49),(50,'eos',50),(51,'eius',51),(52,'sint',52),(53,'aspernatur',53),(54,'facilis',54),(55,'incidunt',55),(56,'quasi',56),(57,'aut',57),(58,'cum',58),(59,'id',59),(60,'perspiciatis',60),(61,'ab',61),(62,'sequi',62),(63,'eum',63),(64,'neque',64),(65,'consequatur',65),(66,'optio',66),(67,'id',67),(68,'voluptatem',68),(69,'neque',69),(70,'vitae',70),(71,'eum',71),(72,'sed',72),(73,'et',73),(74,'non',74),(75,'nisi',75),(76,'ducimus',76),(77,'aut',77),(78,'cum',78),(79,'enim',79),(80,'corporis',80),(81,'possimus',81),(82,'doloremque',82),(83,'ut',83),(84,'officiis',84),(85,'quasi',85),(86,'consequatur',86),(87,'facere',87),(88,'voluptate',88),(89,'rem',89),(90,'et',90),(91,'veritatis',91),(92,'dolorem',92),(93,'aperiam',93),(94,'aut',94),(95,'voluptatem',95),(96,'incidunt',96),(97,'ut',97),(98,'consequatur',98),(99,'soluta',99),(100,'nobis',100);
/*!40000 ALTER TABLE `photo_albums` ENABLE KEYS */;
UNLOCK TABLES;

--
-- Table structure for table `photos`
--

DROP TABLE IF EXISTS `photos`;
/*!40101 SET @saved_cs_client     = @@character_set_client */;
/*!40101 SET character_set_client = utf8 */;
CREATE TABLE `photos` (
  `id` bigint unsigned NOT NULL AUTO_INCREMENT,
  `album_id` bigint unsigned NOT NULL,
  `media_id` bigint unsigned NOT NULL,
  PRIMARY KEY (`id`),
  KEY `album_id` (`album_id`),
  KEY `media_id` (`media_id`),
  CONSTRAINT `photos_ibfk_1` FOREIGN KEY (`album_id`) REFERENCES `photo_albums` (`id`),
  CONSTRAINT `photos_ibfk_2` FOREIGN KEY (`media_id`) REFERENCES `media` (`id`)
) ENGINE=InnoDB AUTO_INCREMENT=101 DEFAULT CHARSET=utf8 COLLATE=utf8_unicode_ci;
/*!40101 SET character_set_client = @saved_cs_client */;

--
-- Dumping data for table `photos`
--

LOCK TABLES `photos` WRITE;
/*!40000 ALTER TABLE `photos` DISABLE KEYS */;
INSERT INTO `photos` VALUES (1,1,1),(2,2,2),(3,3,3),(4,4,4),(5,5,5),(6,6,6),(7,7,7),(8,8,8),(9,9,9),(10,10,10),(11,11,11),(12,12,12),(13,13,13),(14,14,14),(15,15,15),(16,16,16),(17,17,17),(18,18,18),(19,19,19),(20,20,20),(21,21,21),(22,22,22),(23,23,23),(24,24,24),(25,25,25),(26,26,26),(27,27,27),(28,28,28),(29,29,29),(30,30,30),(31,31,31),(32,32,32),(33,33,33),(34,34,34),(35,35,35),(36,36,36),(37,37,37),(38,38,38),(39,39,39),(40,40,40),(41,41,41),(42,42,42),(43,43,43),(44,44,44),(45,45,45),(46,46,46),(47,47,47),(48,48,48),(49,49,49),(50,50,50),(51,51,51),(52,52,52),(53,53,53),(54,54,54),(55,55,55),(56,56,56),(57,57,57),(58,58,58),(59,59,59),(60,60,60),(61,61,61),(62,62,62),(63,63,63),(64,64,64),(65,65,65),(66,66,66),(67,67,67),(68,68,68),(69,69,69),(70,70,70),(71,71,71),(72,72,72),(73,73,73),(74,74,74),(75,75,75),(76,76,76),(77,77,77),(78,78,78),(79,79,79),(80,80,80),(81,81,81),(82,82,82),(83,83,83),(84,84,84),(85,85,85),(86,86,86),(87,87,87),(88,88,88),(89,89,89),(90,90,90),(91,91,91),(92,92,92),(93,93,93),(94,94,94),(95,95,95),(96,96,96),(97,97,97),(98,98,98),(99,99,99),(100,100,100);
/*!40000 ALTER TABLE `photos` ENABLE KEYS */;
UNLOCK TABLES;

--
-- Table structure for table `profiles`
--

DROP TABLE IF EXISTS `profiles`;
/*!40101 SET @saved_cs_client     = @@character_set_client */;
/*!40101 SET character_set_client = utf8 */;
CREATE TABLE `profiles` (
  `user_id` bigint unsigned NOT NULL AUTO_INCREMENT,
  `gender` char(1) CHARACTER SET utf8 COLLATE utf8_unicode_ci DEFAULT NULL,
  `birthday` date DEFAULT NULL,
  `photo_id` bigint unsigned DEFAULT NULL,
  `created_at` datetime DEFAULT CURRENT_TIMESTAMP,
  `hometown` varchar(100) CHARACTER SET utf8 COLLATE utf8_unicode_ci DEFAULT NULL,
  PRIMARY KEY (`user_id`),
  CONSTRAINT `profiles_ibfk_1` FOREIGN KEY (`user_id`) REFERENCES `users` (`id`)
) ENGINE=InnoDB AUTO_INCREMENT=301 DEFAULT CHARSET=utf8 COLLATE=utf8_unicode_ci;
/*!40101 SET character_set_client = @saved_cs_client */;

--
-- Dumping data for table `profiles`
--

LOCK TABLES `profiles` WRITE;
/*!40000 ALTER TABLE `profiles` DISABLE KEYS */;
INSERT INTO `profiles` VALUES (1,NULL,'1982-08-04',1,'2004-06-24 20:53:45',NULL),(2,NULL,'2006-11-17',2,'1996-12-14 22:17:40',NULL),(3,NULL,'1974-10-05',3,'2003-06-27 23:06:52',NULL),(4,NULL,'2007-09-05',4,'2016-03-15 06:38:23',NULL),(5,NULL,'1993-12-05',5,'1983-04-13 06:34:18',NULL),(6,NULL,'1997-12-01',6,'2007-01-14 15:28:47',NULL),(7,NULL,'2007-09-19',7,'1977-10-15 08:12:36',NULL),(8,NULL,'2010-11-11',8,'1988-05-10 14:11:34',NULL),(9,NULL,'1989-01-08',9,'2014-04-30 10:01:20',NULL),(10,NULL,'2014-02-24',10,'2007-07-10 09:40:45',NULL),(11,NULL,'2011-09-10',11,'1971-08-04 22:19:59',NULL),(12,NULL,'1973-08-09',12,'1998-02-19 01:26:33',NULL),(13,NULL,'1984-03-08',13,'2015-12-26 18:24:39',NULL),(14,NULL,'2003-01-18',14,'2017-08-04 02:42:05',NULL),(15,NULL,'1970-08-01',15,'1979-09-17 23:33:27',NULL),(16,NULL,'2006-08-19',16,'1985-09-28 16:36:23',NULL),(17,NULL,'1979-07-02',17,'1987-03-25 20:21:10',NULL),(18,NULL,'2016-12-07',18,'2009-08-16 10:40:23',NULL),(19,NULL,'2007-08-08',19,'2016-01-01 03:50:24',NULL),(20,NULL,'1990-10-12',20,'1971-06-25 09:59:01',NULL),(21,NULL,'2007-08-02',21,'1974-05-05 21:50:21',NULL),(22,NULL,'2018-01-17',22,'1976-02-02 04:22:35',NULL),(23,NULL,'1977-09-02',23,'1989-06-15 21:19:26',NULL),(24,NULL,'1995-06-19',24,'1988-03-08 04:42:06',NULL),(25,NULL,'2013-11-29',25,'1995-03-04 19:04:21',NULL),(26,NULL,'2015-08-27',26,'2017-11-18 05:55:32',NULL),(27,NULL,'2012-06-25',27,'2000-08-25 05:51:23',NULL),(28,NULL,'1996-11-10',28,'2007-11-27 08:21:18',NULL),(29,NULL,'2017-08-15',29,'1977-11-15 17:06:22',NULL),(30,NULL,'2000-10-25',30,'1970-12-09 20:32:17',NULL),(31,NULL,'1973-12-03',31,'1981-04-06 04:22:59',NULL),(32,NULL,'1972-10-19',32,'1982-08-16 05:11:48',NULL),(33,NULL,'2016-07-11',33,'1986-07-14 11:18:44',NULL),(34,NULL,'2014-05-23',34,'2001-12-02 14:31:37',NULL),(35,NULL,'2005-02-24',35,'1999-10-03 22:34:06',NULL),(36,NULL,'1972-09-29',36,'1972-01-12 22:16:04',NULL),(37,NULL,'1996-05-20',37,'1978-08-18 07:53:22',NULL),(38,NULL,'2006-01-25',38,'2005-05-03 08:30:50',NULL),(39,NULL,'2014-05-22',39,'2015-08-11 20:37:01',NULL),(40,NULL,'2016-07-21',40,'2017-11-03 13:54:06',NULL),(41,NULL,'2001-08-05',41,'1978-03-28 21:43:18',NULL),(42,NULL,'2000-04-20',42,'2019-12-07 01:50:10',NULL),(43,NULL,'1985-10-06',43,'2012-02-09 03:43:45',NULL),(44,NULL,'1972-07-10',44,'2018-05-13 03:25:44',NULL),(45,NULL,'2000-12-11',45,'1990-05-01 04:17:09',NULL),(46,NULL,'2013-06-11',46,'1976-05-03 13:08:54',NULL),(47,NULL,'2006-01-21',47,'1993-09-04 18:10:28',NULL),(48,NULL,'2002-06-19',48,'1985-11-02 10:37:13',NULL),(49,NULL,'1985-11-30',49,'1998-01-13 10:03:02',NULL),(50,NULL,'2006-12-24',50,'2006-06-17 07:39:38',NULL),(51,NULL,'1980-04-24',51,'2005-04-03 16:41:19',NULL),(52,NULL,'1994-12-13',52,'2003-04-16 07:26:51',NULL),(53,NULL,'1996-06-09',53,'1994-10-15 09:03:40',NULL),(54,NULL,'1973-02-07',54,'2001-03-27 21:20:57',NULL),(55,NULL,'1993-05-26',55,'2017-02-10 01:24:52',NULL),(56,NULL,'1997-09-01',56,'2008-08-12 00:44:43',NULL),(57,NULL,'1996-09-08',57,'1974-07-28 20:19:15',NULL),(58,NULL,'1984-01-23',58,'2003-06-11 12:04:54',NULL),(59,NULL,'2008-12-26',59,'2003-05-31 06:39:05',NULL),(60,NULL,'1989-06-15',60,'2007-11-18 10:25:12',NULL),(61,NULL,'2018-10-24',61,'2019-04-28 15:07:51',NULL),(62,NULL,'1986-04-06',62,'2007-01-22 05:04:51',NULL),(63,NULL,'2017-05-30',63,'2004-06-08 05:51:47',NULL),(64,NULL,'1997-07-20',64,'1982-12-17 06:42:29',NULL),(65,NULL,'2010-12-14',65,'1979-10-23 08:44:50',NULL),(66,NULL,'2016-02-24',66,'2000-06-14 05:16:11',NULL),(67,NULL,'1984-07-06',67,'1995-09-09 22:12:26',NULL),(68,NULL,'1975-08-28',68,'1976-03-13 20:55:13',NULL),(69,NULL,'2006-03-18',69,'2007-10-03 00:57:29',NULL),(70,NULL,'1994-06-03',70,'2018-01-15 03:09:02',NULL),(71,NULL,'2011-08-21',71,'1992-10-14 19:15:29',NULL),(72,NULL,'1993-12-11',72,'2006-11-24 13:56:31',NULL),(73,NULL,'1994-12-29',73,'1995-08-09 07:26:02',NULL),(74,NULL,'1971-12-25',74,'2017-09-11 09:42:21',NULL),(75,NULL,'1992-09-15',75,'1979-01-25 08:10:16',NULL),(76,NULL,'2017-07-17',76,'2007-05-05 16:11:51',NULL),(77,NULL,'2018-09-26',77,'1999-10-17 06:26:51',NULL),(78,NULL,'2009-01-13',78,'2009-05-17 06:25:43',NULL),(79,NULL,'1999-11-24',79,'1997-07-05 10:50:50',NULL),(80,NULL,'1977-10-06',80,'2010-04-27 19:16:00',NULL),(81,NULL,'2003-12-21',81,'1996-08-09 22:07:33',NULL),(82,NULL,'1994-02-28',82,'1995-12-18 12:09:42',NULL),(83,NULL,'1993-07-05',83,'2018-10-15 09:30:36',NULL),(84,NULL,'1977-07-23',84,'2013-09-09 04:50:49',NULL),(85,NULL,'1982-04-13',85,'1989-03-15 22:53:35',NULL),(86,NULL,'2019-06-07',86,'2011-05-19 16:55:06',NULL),(87,NULL,'2018-08-04',87,'2012-02-08 18:49:02',NULL),(88,NULL,'1981-07-22',88,'2006-11-03 06:30:29',NULL),(89,NULL,'1989-01-04',89,'2000-12-06 22:20:01',NULL),(90,NULL,'1986-11-26',90,'2004-11-27 12:27:26',NULL),(91,NULL,'1986-05-03',91,'2010-08-29 10:54:04',NULL),(92,NULL,'1977-10-08',92,'2019-03-18 23:21:56',NULL),(93,NULL,'1977-06-01',93,'1981-10-28 19:24:01',NULL),(94,NULL,'1996-02-02',94,'2000-04-04 04:22:02',NULL),(95,NULL,'1975-06-22',95,'1972-12-18 02:29:41',NULL),(96,NULL,'2020-01-28',96,'1981-04-24 15:51:40',NULL),(97,NULL,'2008-05-17',97,'2008-11-20 20:04:49',NULL),(98,NULL,'2010-09-28',98,'1988-05-20 10:52:05',NULL),(99,NULL,'2017-06-05',99,'2014-03-28 20:31:02',NULL),(100,NULL,'1996-06-06',100,'2017-09-29 10:01:42',NULL),(101,NULL,'1996-02-07',1,'2012-04-17 06:17:30',NULL),(102,NULL,'1985-06-22',2,'2001-04-02 23:09:59',NULL),(103,NULL,'2002-09-30',3,'2014-01-25 17:40:30',NULL),(104,NULL,'1974-09-15',4,'1978-01-10 16:49:05',NULL),(105,NULL,'1981-01-24',5,'1992-05-23 14:27:00',NULL),(106,NULL,'1984-11-24',6,'2015-03-09 19:42:52',NULL),(107,NULL,'2015-03-11',7,'1998-07-21 06:18:37',NULL),(108,NULL,'2009-08-28',8,'2011-05-14 17:15:26',NULL),(109,NULL,'1978-06-15',9,'1999-10-22 22:18:34',NULL),(110,NULL,'1988-09-22',10,'2019-10-17 15:09:57',NULL),(111,NULL,'1983-03-19',11,'1977-06-09 22:07:06',NULL),(112,NULL,'2003-09-16',12,'2008-11-09 00:33:24',NULL),(113,NULL,'1995-10-01',13,'2004-11-29 21:42:40',NULL),(114,NULL,'2012-05-09',14,'1975-02-23 19:19:18',NULL),(115,NULL,'2013-11-14',15,'2007-03-29 20:17:17',NULL),(116,NULL,'2006-01-10',16,'1981-11-01 18:09:01',NULL),(117,NULL,'2001-08-23',17,'2016-10-31 06:08:06',NULL),(118,NULL,'2005-12-31',18,'2005-10-29 23:51:30',NULL),(119,NULL,'1990-01-12',19,'1985-07-18 20:10:02',NULL),(120,NULL,'1973-08-18',20,'2010-06-30 14:17:05',NULL),(121,NULL,'1972-10-27',21,'1982-09-13 08:27:30',NULL),(122,NULL,'1999-02-04',22,'1980-02-28 15:03:54',NULL),(123,NULL,'1999-03-17',23,'1985-11-21 19:37:26',NULL),(124,NULL,'2016-10-01',24,'1986-02-24 10:08:27',NULL),(125,NULL,'1992-06-16',25,'1978-03-24 15:39:43',NULL),(126,NULL,'1975-01-29',26,'2014-12-27 19:34:15',NULL),(127,NULL,'1987-02-18',27,'2009-06-12 06:04:29',NULL),(128,NULL,'1972-02-12',28,'1970-05-06 21:50:53',NULL),(129,NULL,'1971-07-25',29,'2009-06-21 22:14:09',NULL),(130,NULL,'1977-03-14',30,'2010-03-31 23:50:05',NULL),(131,NULL,'2016-03-11',31,'1984-05-08 19:30:25',NULL),(132,NULL,'1993-04-09',32,'1972-09-18 21:25:48',NULL),(133,NULL,'2006-11-01',33,'2001-08-16 06:28:20',NULL),(134,NULL,'1970-01-28',34,'1992-08-18 17:24:47',NULL),(135,NULL,'2000-09-17',35,'1989-10-06 06:32:00',NULL),(136,NULL,'1972-05-31',36,'1994-03-24 19:28:48',NULL),(137,NULL,'2005-08-19',37,'2002-05-06 21:24:20',NULL),(138,NULL,'1974-01-27',38,'1982-09-25 11:14:44',NULL),(139,NULL,'1994-12-19',39,'2011-10-12 23:03:06',NULL),(140,NULL,'2000-01-13',40,'2000-06-21 03:29:48',NULL),(141,NULL,'1997-11-01',41,'2013-03-02 18:24:12',NULL),(142,NULL,'1991-11-24',42,'1993-01-14 13:25:39',NULL),(143,NULL,'1989-03-27',43,'2000-08-03 20:30:41',NULL),(144,NULL,'2009-08-20',44,'1997-03-01 09:06:32',NULL),(145,NULL,'1993-10-16',45,'2001-08-10 05:37:34',NULL),(146,NULL,'1998-07-28',46,'2014-07-22 16:54:52',NULL),(147,NULL,'1999-11-04',47,'2002-09-06 18:37:45',NULL),(148,NULL,'1970-01-03',48,'1979-02-01 20:46:53',NULL),(149,NULL,'1975-07-26',49,'1971-12-14 17:40:13',NULL),(150,NULL,'2015-11-21',50,'2014-06-18 22:05:00',NULL),(151,NULL,'2011-04-08',51,'2016-01-25 17:58:14',NULL),(152,NULL,'1993-10-29',52,'1978-11-07 15:03:18',NULL),(153,NULL,'1988-05-27',53,'1971-08-21 21:59:41',NULL),(154,NULL,'2012-01-24',54,'2004-04-11 15:40:48',NULL),(155,NULL,'1984-07-20',55,'1973-01-19 14:29:48',NULL),(156,NULL,'2007-09-12',56,'2015-11-05 19:41:26',NULL),(157,NULL,'2017-01-26',57,'1972-10-24 02:57:06',NULL),(158,NULL,'1990-02-12',58,'1970-02-14 22:14:53',NULL),(159,NULL,'1994-08-14',59,'2019-05-19 18:08:16',NULL),(160,NULL,'2013-08-31',60,'2004-08-28 16:21:47',NULL),(161,NULL,'2018-12-19',61,'1976-10-20 05:51:07',NULL),(162,NULL,'2013-08-13',62,'2019-03-03 14:17:29',NULL),(163,NULL,'1996-09-03',63,'2015-01-18 06:17:33',NULL),(164,NULL,'1978-10-13',64,'1988-10-24 11:20:02',NULL),(165,NULL,'1997-10-06',65,'2009-12-14 08:49:05',NULL),(166,NULL,'1976-06-03',66,'1990-10-01 11:40:49',NULL),(167,NULL,'1994-01-30',67,'2008-08-26 16:06:45',NULL),(168,NULL,'2000-01-19',68,'1996-08-08 13:46:54',NULL),(169,NULL,'2001-08-21',69,'1992-10-28 13:16:53',NULL),(170,NULL,'2018-10-08',70,'1991-07-12 06:38:45',NULL),(171,NULL,'1981-09-03',71,'2017-07-08 17:51:55',NULL),(172,NULL,'2007-06-18',72,'1986-05-18 02:14:42',NULL),(173,NULL,'1982-01-18',73,'2012-04-07 06:25:05',NULL),(174,NULL,'1980-09-05',74,'2007-12-22 10:48:51',NULL),(175,NULL,'1984-09-15',75,'1997-05-20 16:17:21',NULL),(176,NULL,'1980-03-19',76,'1994-12-31 02:16:27',NULL),(177,NULL,'1975-06-06',77,'1974-11-07 22:38:15',NULL),(178,NULL,'1972-07-15',78,'1983-03-31 02:24:43',NULL),(179,NULL,'1975-07-06',79,'1976-11-19 19:17:59',NULL),(180,NULL,'1977-06-12',80,'1986-07-19 21:02:02',NULL),(181,NULL,'1983-08-04',81,'2015-09-12 00:44:51',NULL),(182,NULL,'1970-11-20',82,'1973-03-03 06:00:12',NULL),(183,NULL,'1999-12-27',83,'1981-07-12 21:58:12',NULL),(184,NULL,'2007-04-29',84,'1987-11-05 22:33:17',NULL),(185,NULL,'1975-03-05',85,'1979-02-17 05:58:31',NULL),(186,NULL,'2008-06-13',86,'1972-09-30 11:25:44',NULL),(187,NULL,'1998-12-30',87,'2017-05-12 23:52:07',NULL),(188,NULL,'2004-03-30',88,'1974-02-20 04:47:48',NULL),(189,NULL,'1987-02-26',89,'2001-02-14 02:52:52',NULL),(190,NULL,'2015-01-27',90,'1977-02-05 00:35:59',NULL),(191,NULL,'1975-05-16',91,'1988-03-29 17:05:37',NULL),(192,NULL,'1970-12-07',92,'1970-06-13 04:56:29',NULL),(193,NULL,'2016-10-15',93,'1988-10-05 14:27:10',NULL),(194,NULL,'1979-04-18',94,'2018-03-25 07:21:27',NULL),(195,NULL,'2009-10-22',95,'1972-08-04 17:51:23',NULL),(196,NULL,'1993-03-24',96,'1977-09-12 13:06:36',NULL),(197,NULL,'2005-08-22',97,'1980-09-17 16:01:21',NULL),(198,NULL,'2015-09-30',98,'2007-12-02 19:18:55',NULL),(199,NULL,'1988-06-16',99,'1989-12-23 23:56:39',NULL),(200,NULL,'2004-01-11',100,'1994-12-18 02:44:12',NULL),(201,NULL,'2001-12-05',1,'1997-10-04 22:35:37',NULL),(202,NULL,'1978-09-28',2,'1970-07-30 19:11:11',NULL),(203,NULL,'2014-12-01',3,'1976-08-24 16:03:52',NULL),(204,NULL,'2013-02-18',4,'2016-07-19 05:49:56',NULL),(205,NULL,'2013-04-11',5,'2009-06-03 20:16:44',NULL),(206,NULL,'2006-03-07',6,'1977-12-19 05:18:48',NULL),(207,NULL,'1982-11-03',7,'2005-03-22 09:56:11',NULL),(208,NULL,'1990-12-27',8,'2004-03-04 17:07:16',NULL),(209,NULL,'2008-01-28',9,'1997-12-20 19:39:27',NULL),(210,NULL,'1991-10-25',10,'1984-05-09 15:15:31',NULL),(211,NULL,'2018-07-12',11,'2010-09-26 02:21:13',NULL),(212,NULL,'1982-10-22',12,'2010-01-20 20:31:21',NULL),(213,NULL,'2000-01-17',13,'1996-11-02 08:07:04',NULL),(214,NULL,'2014-03-26',14,'1975-04-23 14:55:29',NULL),(215,NULL,'1973-12-28',15,'1996-10-20 21:22:10',NULL),(216,NULL,'1989-12-24',16,'1972-03-19 05:51:20',NULL),(217,NULL,'2007-05-24',17,'1970-04-17 00:06:36',NULL),(218,NULL,'1981-06-26',18,'2019-07-02 07:41:39',NULL),(219,NULL,'2001-11-20',19,'1995-07-30 01:10:56',NULL),(220,NULL,'1972-06-15',20,'1982-06-19 06:42:32',NULL),(221,NULL,'2013-11-16',21,'2016-08-08 09:47:55',NULL),(222,NULL,'2007-02-28',22,'1973-06-15 12:56:22',NULL),(223,NULL,'1996-10-12',23,'1999-11-29 08:31:32',NULL),(224,NULL,'2014-09-03',24,'1987-07-20 17:52:17',NULL),(225,NULL,'1979-10-18',25,'1993-12-31 22:38:11',NULL),(226,NULL,'2001-03-16',26,'2005-09-03 19:33:27',NULL),(227,NULL,'2012-03-01',27,'1999-10-22 02:41:57',NULL),(228,NULL,'1984-07-27',28,'2001-05-04 05:23:12',NULL),(229,NULL,'2003-08-06',29,'1989-05-30 03:01:25',NULL),(230,NULL,'1993-01-03',30,'2001-08-13 01:51:59',NULL),(231,NULL,'1978-11-18',31,'2007-05-05 04:44:52',NULL),(232,NULL,'1986-05-22',32,'2003-07-11 02:51:32',NULL),(233,NULL,'1987-08-01',33,'1992-02-20 22:06:36',NULL),(234,NULL,'2006-12-13',34,'1978-03-11 20:29:48',NULL),(235,NULL,'1990-10-08',35,'2013-08-13 22:26:32',NULL),(236,NULL,'1978-10-18',36,'1992-12-19 03:34:48',NULL),(237,NULL,'1980-12-27',37,'1999-09-21 06:57:50',NULL),(238,NULL,'2002-11-11',38,'2018-01-17 15:30:10',NULL),(239,NULL,'2011-01-05',39,'2003-08-10 12:42:02',NULL),(240,NULL,'1982-08-13',40,'1975-04-21 17:50:34',NULL),(241,NULL,'1998-01-18',41,'2014-03-28 18:13:43',NULL),(242,NULL,'1982-02-15',42,'1978-12-03 02:55:22',NULL),(243,NULL,'1978-02-06',43,'2010-12-24 03:49:47',NULL),(244,NULL,'2003-09-11',44,'1984-04-15 15:29:27',NULL),(245,NULL,'2015-11-24',45,'2006-01-18 05:00:56',NULL),(246,NULL,'2013-03-19',46,'2010-09-11 13:14:45',NULL),(247,NULL,'1990-11-05',47,'1976-03-27 09:06:53',NULL),(248,NULL,'1986-07-20',48,'1996-11-09 15:54:44',NULL),(249,NULL,'1978-06-25',49,'1993-05-08 03:26:27',NULL),(250,NULL,'1979-12-11',50,'2006-02-17 09:54:44',NULL),(251,NULL,'1992-03-17',51,'1989-10-31 01:46:11',NULL),(252,NULL,'2002-12-21',52,'1981-11-27 12:00:08',NULL),(253,NULL,'1970-06-20',53,'1987-06-13 05:11:16',NULL),(254,NULL,'2008-07-24',54,'1989-01-14 07:01:07',NULL),(255,NULL,'2015-01-08',55,'2001-04-08 14:47:17',NULL),(256,NULL,'1986-08-26',56,'1994-05-06 03:54:23',NULL),(257,NULL,'1983-01-08',57,'2000-08-11 18:29:54',NULL),(258,NULL,'2012-06-18',58,'2003-09-27 14:05:38',NULL),(259,NULL,'1983-01-29',59,'1985-08-24 13:09:04',NULL),(260,NULL,'2008-07-25',60,'1999-08-30 03:21:35',NULL),(261,NULL,'1975-02-11',61,'1972-08-05 10:36:18',NULL),(262,NULL,'1977-04-01',62,'1981-10-24 09:50:50',NULL),(263,NULL,'1983-09-26',63,'2009-04-28 09:37:47',NULL),(264,NULL,'2013-02-13',64,'2013-10-05 01:04:28',NULL),(265,NULL,'1986-07-12',65,'2012-07-06 21:34:11',NULL),(266,NULL,'1998-08-22',66,'2019-04-29 13:06:57',NULL),(267,NULL,'1987-09-24',67,'2015-05-11 03:44:37',NULL),(268,NULL,'1976-08-27',68,'1976-12-13 03:29:48',NULL),(269,NULL,'1992-02-18',69,'2007-06-21 19:04:39',NULL),(270,NULL,'2006-10-01',70,'2009-03-17 16:04:57',NULL),(271,NULL,'2018-08-26',71,'1975-05-25 23:25:46',NULL),(272,NULL,'1981-03-16',72,'1979-02-23 02:33:19',NULL),(273,NULL,'1983-07-22',73,'1977-06-18 18:22:51',NULL),(274,NULL,'1987-02-11',74,'1985-11-17 12:05:55',NULL),(275,NULL,'1984-11-17',75,'2019-06-08 11:23:00',NULL),(276,NULL,'1974-08-20',76,'1992-07-31 05:14:25',NULL),(277,NULL,'1996-08-01',77,'2016-10-05 13:26:03',NULL),(278,NULL,'2018-12-07',78,'2019-02-22 01:51:00',NULL),(279,NULL,'1978-08-15',79,'2001-08-17 01:33:43',NULL),(280,NULL,'1976-05-18',80,'1998-09-13 07:30:38',NULL),(281,NULL,'1986-08-25',81,'1982-05-23 08:15:05',NULL),(282,NULL,'2017-01-23',82,'2001-01-18 20:12:00',NULL),(283,NULL,'2009-01-13',83,'1973-11-10 11:47:34',NULL),(284,NULL,'2003-09-12',84,'1973-06-01 10:53:56',NULL),(285,NULL,'1979-05-27',85,'1973-02-25 22:24:06',NULL),(286,NULL,'2001-01-11',86,'1977-04-08 14:20:48',NULL),(287,NULL,'1984-05-28',87,'2019-11-21 02:07:43',NULL),(288,NULL,'1997-01-13',88,'2000-06-11 16:05:54',NULL),(289,NULL,'2015-06-18',89,'1992-08-16 18:06:45',NULL),(290,NULL,'2004-10-22',90,'1975-04-18 04:56:47',NULL),(291,NULL,'2005-11-01',91,'1976-10-03 22:45:07',NULL),(292,NULL,'2018-03-30',92,'1997-03-26 23:08:06',NULL),(293,NULL,'1979-05-11',93,'2004-02-22 01:03:09',NULL),(294,NULL,'2012-06-15',94,'2018-06-24 17:34:09',NULL),(295,NULL,'1983-01-26',95,'1972-03-10 11:54:54',NULL),(296,NULL,'1972-04-08',96,'1981-04-29 08:25:01',NULL),(297,NULL,'1986-09-11',97,'2016-04-08 12:13:05',NULL),(298,NULL,'1993-05-21',98,'2009-08-07 20:32:32',NULL),(299,NULL,'2000-07-25',99,'2009-01-15 10:11:50',NULL),(300,NULL,'1991-12-30',100,'1990-10-03 14:13:57',NULL);
/*!40000 ALTER TABLE `profiles` ENABLE KEYS */;
UNLOCK TABLES;

--
-- Table structure for table `users`
--

DROP TABLE IF EXISTS `users`;
/*!40101 SET @saved_cs_client     = @@character_set_client */;
/*!40101 SET character_set_client = utf8 */;
CREATE TABLE `users` (
  `id` bigint unsigned NOT NULL AUTO_INCREMENT,
  `firstname` varchar(50) CHARACTER SET utf8 COLLATE utf8_unicode_ci DEFAULT NULL,
  `lastname` varchar(50) CHARACTER SET utf8 COLLATE utf8_unicode_ci DEFAULT NULL COMMENT '',
  `email` varchar(120) CHARACTER SET utf8 COLLATE utf8_unicode_ci DEFAULT NULL,
  `phone` bigint DEFAULT NULL,
  PRIMARY KEY (`id`),
  UNIQUE KEY `email` (`email`),
  KEY `users_phone_idx` (`phone`),
  KEY `users_firstname_lastname_idx` (`firstname`,`lastname`)
) ENGINE=InnoDB AUTO_INCREMENT=301 DEFAULT CHARSET=utf8 COLLATE=utf8_unicode_ci;
/*!40101 SET character_set_client = @saved_cs_client */;

--
-- Dumping data for table `users`
--

LOCK TABLES `users` WRITE;
/*!40000 ALTER TABLE `users` DISABLE KEYS */;
INSERT INTO `users` VALUES (1,'Pierre','Robel','victor.bergnaum@example.net',72),(2,'Shania','Adams','jkuhlman@example.com',0),(3,'Octavia','Schaden','wehner.kip@example.com',937),(4,'Nayeli','Jast','katelin50@example.com',991531),(5,'Electa','Considine','geraldine.williamson@example.com',584),(6,'Fredy','Howell','chauncey.ankunding@example.org',118),(7,'Destini','Tillman','pondricka@example.org',558),(8,'Elroy','Botsford','kwitting@example.net',543),(9,'Maria','Heller','abshire.jazlyn@example.com',906),(10,'Samantha','Bayer','arnoldo.langworth@example.com',696878),(11,'Kennedi','Barrows','nia93@example.net',490376),(12,'Kennith','Kreiger','sven.kuhn@example.org',0),(13,'Dana','Christiansen','borer.thea@example.org',0),(14,'Kristin','Heathcote','ayden80@example.org',3172524685),(15,'Florida','Williamson','fglover@example.net',906540),(16,'Tre','Heller','ptreutel@example.net',892827),(17,'Shanon','Heller','eborer@example.net',151097),(18,'Retta','Kovacek','edmond.hirthe@example.com',457107),(19,'Jeanie','Abbott','cemard@example.org',924),(20,'Marvin','Dooley','harvey29@example.net',1),(21,'Cloyd','Stamm','lkertzmann@example.net',0),(22,'Nyah','Lockman','kovacek.rosemarie@example.com',1),(23,'Nikki','Jerde','hegmann.vidal@example.org',665918),(24,'Lazaro','Doyle','virginia29@example.org',701185),(25,'Judy','Hane','idouglas@example.com',269),(26,'Ayden','Wisoky','zakary.daniel@example.org',806696),(27,'Elfrieda','Aufderhar','sauer.ernestina@example.org',0),(28,'Celine','Boyer','aniyah22@example.net',1),(29,'Marvin','O\'Kon','kjacobs@example.com',389),(30,'Maiya','Zulauf','cole.mervin@example.com',0),(31,'Amanda','Schmeler','garret93@example.net',764),(32,'Guillermo','Mraz','lessie.berge@example.net',805039),(33,'Deon','Kulas','dwaters@example.net',1),(34,'Myrtle','Welch','bmcclure@example.org',634406),(35,'Alexandria','Lindgren','konopelski.jon@example.net',778),(36,'Liliane','Lowe','gibson.concepcion@example.com',1),(37,'Fern','Bartoletti','olson.chet@example.org',170198),(38,'Madonna','O\'Keefe','edythe.conroy@example.org',528777),(39,'Valentina','Zieme','barrows.susanna@example.org',825288145),(40,'Efren','Cummerata','crona.gabrielle@example.com',0),(41,'Norbert','Crooks','kurtis.kihn@example.com',1),(42,'Allan','Stokes','jennings.auer@example.net',1),(43,'Dan','Barrows','ihermann@example.com',762078),(44,'Shanie','Renner','cara97@example.net',0),(45,'Iliana','Windler','anderson.gleichner@example.net',647094),(46,'Colby','Jacobi','kulas.otto@example.org',439100),(47,'Delta','Pollich','hyman.nikolaus@example.net',205),(48,'Javon','Johns','chelsea24@example.com',0),(49,'Justus','Schmitt','mavis.bruen@example.com',907),(50,'Marilyne','Lindgren','jessie03@example.net',536850),(51,'Arthur','Cole','aconroy@example.net',0),(52,'Donnell','Gutmann','humberto10@example.org',1),(53,'Audrey','White','velma.hegmann@example.org',45),(54,'Mittie','Weissnat','hirthe.brandon@example.net',760),(55,'Talia','Yundt','duane.klocko@example.com',7128209524),(56,'Keyon','Thompson','noelia.goldner@example.org',876565),(57,'Liliana','Bergnaum','kuhlman.antwan@example.org',1),(58,'Grover','Davis','elsa12@example.org',0),(59,'Jena','Goyette','gziemann@example.org',9262524295),(60,'Aryanna','Grimes','romaguera.kaela@example.net',1),(61,'Brianne','Halvorson','mitchell.giovanny@example.com',4083274590),(62,'Brittany','Mayer','dejuan.terry@example.com',306),(63,'Allene','Osinski','rhett.considine@example.net',892998),(64,'Breana','Schmeler','vida.lueilwitz@example.net',0),(65,'Cora','Gaylord','kassandra52@example.org',1),(66,'Bessie','Bauch','vallie28@example.net',405460),(67,'Chanel','Terry','ankunding.brennon@example.org',289261),(68,'Dessie','Waters','gottlieb.jace@example.net',544285),(69,'Gavin','Wolff','gbednar@example.org',9694358906),(70,'Ernestine','Eichmann','talon.collins@example.org',47466),(71,'Shawna','Moore','ehammes@example.org',329076),(72,'Cassandre','Bergnaum','daphnee.beer@example.net',36),(73,'Theresia','Stehr','herbert.morissette@example.net',0),(74,'Prudence','Collins','kaitlin67@example.com',1),(75,'Selina','Parker','arno58@example.com',0),(76,'Annette','Keebler','skuhic@example.org',128),(77,'Armani','Mosciski','jolie.hahn@example.com',0),(78,'Cade','Ortiz','o\'hara.raymundo@example.com',1),(79,'Peter','Conroy','bergnaum.jermey@example.net',88),(80,'Daphnee','Halvorson','trempel@example.org',54338),(81,'Olaf','Spinka','vmclaughlin@example.org',914),(82,'Bethel','Halvorson','bmacejkovic@example.com',1),(83,'Carmen','McCullough','dallin.maggio@example.com',752),(84,'Delilah','Hodkiewicz','geoffrey.anderson@example.net',240),(85,'Rupert','Bradtke','weimann.granville@example.org',664445),(86,'Ernestina','Lindgren','hschinner@example.com',1),(87,'Oral','Moore','rahul.mills@example.org',314936),(88,'Jovany','Koepp','arely.auer@example.org',449),(89,'Marianne','Feil','dkuphal@example.net',858042),(90,'Cassidy','Lueilwitz','maryjane.leuschke@example.org',0),(91,'Magali','Wolf','fisher.nannie@example.com',954),(92,'Jacinthe','Robel','gutmann.ruthie@example.org',556820),(93,'Brandy','Torphy','shaylee31@example.com',1),(94,'Frederik','Turcotte','laurence64@example.org',2365137886),(95,'Herbert','Becker','west.damon@example.com',1),(96,'Marjory','Terry','cstamm@example.com',0),(97,'Elna','Altenwerth','christophe55@example.org',1),(98,'Kellen','Reynolds','kling.kraig@example.org',1),(99,'Shanel','Parisian','qcronin@example.org',1),(100,'Drew','Luettgen','osinski.lucile@example.com',667),(101,'Bernita','Botsford','jhansen@example.org',715),(102,'Neoma','Stark','violet83@example.net',768),(103,'Arnulfo','Murazik','okihn@example.net',1),(104,'Anibal','Keeling','kameron23@example.org',1),(105,'Mertie','Murray','remington34@example.org',306881),(106,'Armand','Effertz','joe.murphy@example.com',1),(107,'General','Simonis','beau.kozey@example.com',500351),(108,'Selena','Haag','bauch.precious@example.org',799832),(109,'Tito','Kozey','pcremin@example.com',34),(110,'Braxton','Anderson','abigayle.hegmann@example.org',1),(111,'Lucious','Boyer','erna31@example.org',9410646415),(112,'Everardo','Rice','mkuhic@example.net',0),(113,'Adaline','Green','shanahan.vinnie@example.net',633),(114,'Golden','Konopelski','daniel.rozella@example.org',1),(115,'Karl','Blick','yschiller@example.com',364182),(116,'Lexus','Emard','althea.grimes@example.com',10620),(117,'Geovanny','Pollich','batz.brett@example.org',0),(118,'Donna','Emmerich','brenna.leffler@example.org',69),(119,'Keshawn','Emard','alia13@example.net',737),(120,'Isabell','Feest','lucinda.macejkovic@example.com',1),(121,'Maci','Kreiger','bartholome67@example.com',924),(122,'Antoinette','Morissette','mgoldner@example.com',0),(123,'Liana','Reilly','clementina.kuphal@example.com',458),(124,'Dahlia','Shields','ransom25@example.org',760),(125,'Audrey','Monahan','bennie35@example.org',1),(126,'Sim','Daniel','ypollich@example.com',988823),(127,'Mose','Pouros','little.ardith@example.org',490421),(128,'April','McGlynn','farrell.aric@example.net',0),(129,'Simone','Abshire','leannon.javier@example.net',97),(130,'Wendy','Breitenberg','broob@example.com',0),(131,'Jordy','Zieme','jakayla78@example.com',988797),(132,'Christiana','Stark','gerald.fay@example.net',0),(133,'Louisa','Stiedemann','vincenzo73@example.net',473498),(134,'Gregg','Hansen','tom.heidenreich@example.com',643924),(135,'Kevon','Orn','miller.damon@example.com',1),(136,'Marcellus','Smitham','cassin.alexandrine@example.net',0),(137,'Emory','Lynch','swift.janiya@example.net',2632630716),(138,'Malinda','Lebsack','khalid79@example.net',387199),(139,'Steve','Stehr','demetris08@example.com',576816),(140,'Austen','Durgan','swelch@example.org',7007994564),(141,'Estefania','Leffler','carol.o\'connell@example.net',0),(142,'Hassan','Hartmann','stephen.stoltenberg@example.com',3679199811),(143,'Kaya','Schinner','jovanny75@example.net',0),(144,'Gonzalo','West','amalia66@example.com',175564),(145,'Roosevelt','Hyatt','joaquin.stiedemann@example.org',480),(146,'Alexandre','Kihn','mbayer@example.org',35),(147,'Kaden','Stokes','jaskolski.meta@example.org',1),(148,'Aliza','Carroll','schuppe.marilou@example.com',826570),(149,'Jean','Corwin','kristy.ledner@example.com',465524),(150,'Monserrat','Rogahn','gutkowski.julien@example.org',1),(151,'Zander','Schaefer','mrowe@example.org',746),(152,'Olin','Becker','antonina.hammes@example.com',1),(153,'Geraldine','Pagac','reba.koepp@example.net',339),(154,'Simone','Pfeffer','ed.rau@example.org',37),(155,'Lia','Boehm','dahlia.rempel@example.org',0),(156,'Luis','Gislason','morton.kunde@example.com',0),(157,'Elna','Smitham','mina.okuneva@example.org',674),(158,'Brice','Wolff','gkozey@example.com',836),(159,'Rhoda','Runolfsdottir','marion92@example.net',0),(160,'Oceane','Jacobi','ubogan@example.net',0),(161,'Geraldine','Von','jswaniawski@example.net',4661242646),(162,'Davonte','Streich','garett71@example.net',528777),(163,'Ramiro','Cole','effertz.reece@example.org',620113),(164,'Adela','Boyle','hirthe.lauretta@example.net',1911),(165,'Raymundo','Hauck','lfeeney@example.com',0),(166,'Nels','Senger','bridie27@example.com',0),(167,'Richard','Koss','brandi.runte@example.org',8097585867),(168,'Loyce','Tremblay','victoria.olson@example.org',0),(169,'Zaria','Kshlerin','reinhold.olson@example.net',891),(170,'Micah','Daugherty','franecki.eudora@example.com',538),(171,'Newton','Sporer','ulehner@example.org',900),(172,'Maude','Kessler','sophie.von@example.org',845),(173,'Rosario','Gerlach','natasha.west@example.com',6373236610),(174,'Roy','Cassin','delta72@example.com',976),(175,'Martina','Cormier','maxwell.treutel@example.org',1508075176),(176,'Osvaldo','Leffler','schneider.linnea@example.com',5218948013),(177,'Asia','Ankunding','sarina40@example.org',1),(178,'Ibrahim','Aufderhar','rice.eulah@example.net',0),(179,'Rosalyn','Collier','hahn.amely@example.net',0),(180,'Haley','Marquardt','wbartoletti@example.net',1),(181,'Nayeli','Klein','blanca.waters@example.net',536),(182,'Pearline','Harvey','mossie02@example.com',1),(183,'Gayle','Koch','karelle.mcdermott@example.net',0),(184,'Dante','Schamberger','ceffertz@example.net',1),(185,'Jackie','Smitham','felicita.mueller@example.net',90),(186,'Estel','McDermott','sjerde@example.com',1),(187,'Leonora','Heidenreich','alana.doyle@example.net',873),(188,'Helena','Brown','lera56@example.net',0),(189,'Mafalda','Fritsch','qferry@example.com',0),(190,'Elijah','Gutmann','leda30@example.net',721643),(191,'Samson','Fritsch','uupton@example.net',1),(192,'Destiny','Grimes','angela.towne@example.com',623),(193,'Einar','Zieme','rschmidt@example.net',3933249644),(194,'Coy','Ryan','nmaggio@example.org',8279015384),(195,'Aditya','Baumbach','tyshawn.mayert@example.com',1),(196,'Jules','Green','xdurgan@example.net',362),(197,'Darren','Hessel','harber.bianka@example.net',672),(198,'Shanny','Pollich','jazlyn.ritchie@example.com',507199),(199,'Adele','Schowalter','ada.prohaska@example.com',0),(200,'Sheila','Pfannerstill','anibal.metz@example.net',357984),(201,'Teagan','Kemmer','vivien21@example.com',454),(202,'Scotty','Quigley','murazik.wilburn@example.net',937),(203,'Gregoria','Wiza','kfranecki@example.com',5),(204,'Savanna','Strosin','johnson.novella@example.org',7290331299),(205,'Antonio','Schowalter','jed10@example.org',1),(206,'Bernard','Sipes','garret93@example.org',1),(207,'Vance','Kiehn','terry.davion@example.org',0),(208,'Dortha','Ledner','xspinka@example.net',81646),(209,'Seth','Schoen','jeramy.bechtelar@example.com',1),(210,'Bertrand','Flatley','catalina.von@example.com',9966696930),(211,'Gonzalo','Balistreri','waters.toby@example.com',9813850682),(212,'Myrtle','Fay','geo13@example.org',756963),(213,'Molly','Stamm','jmaggio@example.org',1),(214,'Davon','Fritsch','kihn.jeffrey@example.com',0),(215,'Zula','Balistreri','prudence.jast@example.net',1797500366),(216,'Daphney','Rutherford','hackett.lottie@example.net',1),(217,'Leonard','O\'Connell','mueller.rudy@example.org',762),(218,'Brisa','Kuhn','asa.wisozk@example.com',7050924107),(219,'Thea','Feil','alysha.hartmann@example.com',660),(220,'Sheila','Kautzer','kenya.gorczany@example.net',1),(221,'Bonnie','Ryan','joshua26@example.com',1961590619),(222,'Raina','O\'Keefe','winston.larson@example.com',1),(223,'Cassandra','Konopelski','chaya64@example.org',495),(224,'Modesto','Larson','gfunk@example.org',0),(225,'Berniece','Turner','czboncak@example.org',238379),(226,'Forest','Leffler','mwiza@example.net',963),(227,'Elliot','O\'Reilly','kasandra43@example.org',82),(228,'Rigoberto','Nienow','edwina61@example.com',72),(229,'Kellie','Bode','jace.kessler@example.com',533),(230,'Grace','Kreiger','khaag@example.net',2886993802),(231,'Georgette','Howe','becker.arvel@example.net',527237289),(232,'Willa','Dibbert','augusta.sawayn@example.com',1),(233,'Vladimir','Bergstrom','karen21@example.org',307066),(234,'Magdalena','Mosciski','fkrajcik@example.com',98),(235,'Danielle','Schowalter','abrekke@example.org',443),(236,'Aracely','Schamberger','nico.jacobs@example.org',656573),(237,'Edwin','Hessel','feeney.sylvan@example.org',873101),(238,'Aida','Haley','tblock@example.net',0),(239,'Hailey','Hilpert','macey32@example.net',0),(240,'Christiana','Block','jaquan.cormier@example.com',399380),(241,'Herbert','Monahan','aracely33@example.org',813),(242,'Imogene','Halvorson','jennings69@example.com',4917217060),(243,'Jarred','Bahringer','octavia66@example.org',4223009611),(244,'Thad','Hartmann','etremblay@example.net',193572),(245,'Gonzalo','Kihn','o\'conner.ephraim@example.net',707),(246,'Winifred','Kub','qabshire@example.net',168344),(247,'Caroline','Beer','santina70@example.com',0),(248,'Rosanna','Schaden','cshields@example.net',1),(249,'Maritza','Bernier','helga.jacobson@example.org',155),(250,'Arden','Brekke','qberge@example.net',0),(251,'Joaquin','Thiel','stiedemann.kaela@example.net',5453748874),(252,'Pierce','O\'Hara','graham.candice@example.net',0),(253,'Nikki','Heller','elody.welch@example.net',1),(254,'Agnes','Kris','mina.greenholt@example.net',91),(255,'Lilliana','Johns','hardy.armstrong@example.org',1),(256,'Fay','Grady','ekerluke@example.net',1),(257,'Emory','Lubowitz','schinner.enos@example.net',68367),(258,'Abbigail','Sawayn','jose.crist@example.net',1),(259,'Jared','Shanahan','tanya.ullrich@example.net',0),(260,'Cecelia','Stark','dorthy.baumbach@example.net',1),(261,'Amir','Considine','olin.morissette@example.com',0),(262,'Jarrod','Goyette','mwest@example.com',282),(263,'Cody','Barton','haag.meredith@example.net',1),(264,'Monty','Mann','aliza.windler@example.org',0),(265,'Oceane','Hoeger','dina.lebsack@example.net',9743255624),(266,'Jennyfer','McGlynn','nat23@example.org',112),(267,'Jocelyn','Dach','princess07@example.org',1),(268,'Nicholas','Turcotte','ana95@example.org',1095972004),(269,'Samara','Padberg','ppouros@example.org',0),(270,'Trisha','Lehner','ttreutel@example.org',53),(271,'Sherwood','Heathcote','o\'conner.brett@example.org',3706302431),(272,'Alivia','Gutmann','spinka.jennyfer@example.net',69),(273,'Reina','Kilback','myles.feeney@example.com',658284),(274,'Lucius','Rolfson','magnolia.legros@example.org',377898),(275,'Hilma','Feest','md\'amore@example.org',1),(276,'Annabelle','Ullrich','dooley.noemie@example.net',1),(277,'Janice','Feeney','richie09@example.com',1),(278,'Malinda','Fisher','ehaag@example.org',283838),(279,'Lionel','Skiles','elmer.blick@example.org',0),(280,'Grover','Wintheiser','reichel.laurie@example.net',415),(281,'Maurice','Spencer','shemar.koss@example.com',0),(282,'Payton','Wiegand','gus34@example.org',1),(283,'Elisabeth','Walter','erdman.emilio@example.org',1),(284,'Pierre','Beer','marty.bradtke@example.net',1),(285,'Kayleigh','Schimmel','gterry@example.com',0),(286,'Arvel','Rath','toy.ray@example.com',1),(287,'Thaddeus','Hills','roob.kristoffer@example.net',786),(288,'Anna','Ward','bradtke.myrtis@example.net',320),(289,'Gisselle','Auer','spencer.sigmund@example.com',0),(290,'Jackie','Collier','zechariah.turcotte@example.net',0),(291,'Sebastian','Reilly','block.richmond@example.org',1),(292,'Theo','Rau','torphy.delilah@example.net',665413),(293,'Halle','Trantow','brandyn.maggio@example.org',721546),(294,'Lacy','Anderson','gus62@example.net',457),(295,'Joana','Schamberger','dzboncak@example.org',337111),(296,'Einar','Prohaska','shaylee.graham@example.com',8864),(297,'Kariane','Reichert','schuppe.erling@example.org',425),(298,'Kaitlin','Greenholt','caitlyn66@example.org',443),(299,'Camila','Price','lebsack.elaina@example.com',983140),(300,'Jaquelin','Corwin','davis.ozella@example.org',1);
/*!40000 ALTER TABLE `users` ENABLE KEYS */;
UNLOCK TABLES;

--
-- Table structure for table `users_communities`
--

DROP TABLE IF EXISTS `users_communities`;
/*!40101 SET @saved_cs_client     = @@character_set_client */;
/*!40101 SET character_set_client = utf8 */;
CREATE TABLE `users_communities` (
  `user_id` bigint unsigned NOT NULL,
  `community_id` bigint unsigned NOT NULL,
  PRIMARY KEY (`user_id`,`community_id`),
  KEY `community_id` (`community_id`),
  CONSTRAINT `users_communities_ibfk_1` FOREIGN KEY (`user_id`) REFERENCES `users` (`id`),
  CONSTRAINT `users_communities_ibfk_2` FOREIGN KEY (`community_id`) REFERENCES `communities` (`id`)
) ENGINE=InnoDB DEFAULT CHARSET=utf8 COLLATE=utf8_unicode_ci;
/*!40101 SET character_set_client = @saved_cs_client */;

--
-- Dumping data for table `users_communities`
--

LOCK TABLES `users_communities` WRITE;
/*!40000 ALTER TABLE `users_communities` DISABLE KEYS */;
INSERT INTO `users_communities` VALUES (1,1),(51,1),(2,2),(52,2),(3,3),(53,3),(4,4),(54,4),(5,5),(55,5),(6,6),(56,6),(7,7),(57,7),(8,8),(58,8),(9,9),(59,9),(10,10),(60,10),(11,11),(61,11),(12,12),(62,12),(13,13),(63,13),(14,14),(64,14),(15,15),(65,15),(16,16),(66,16),(17,17),(67,17),(18,18),(68,18),(19,19),(69,19),(20,20),(70,20),(21,21),(71,21),(22,22),(72,22),(23,23),(73,23),(24,24),(74,24),(25,25),(75,25),(26,26),(76,26),(27,27),(77,27),(28,28),(78,28),(29,29),(79,29),(30,30),(80,30),(31,31),(81,31),(32,32),(82,32),(33,33),(83,33),(34,34),(84,34),(35,35),(85,35),(36,36),(86,36),(37,37),(87,37),(38,38),(88,38),(39,39),(89,39),(40,40),(90,40),(41,41),(91,41),(42,42),(92,42),(43,43),(93,43),(44,44),(94,44),(45,45),(95,45),(46,46),(96,46),(47,47),(97,47),(48,48),(98,48),(49,49),(99,49),(50,50),(100,50);
/*!40000 ALTER TABLE `users_communities` ENABLE KEYS */;
UNLOCK TABLES;
/*!40103 SET TIME_ZONE=@OLD_TIME_ZONE */;

/*!40101 SET SQL_MODE=@OLD_SQL_MODE */;
/*!40014 SET FOREIGN_KEY_CHECKS=@OLD_FOREIGN_KEY_CHECKS */;
/*!40014 SET UNIQUE_CHECKS=@OLD_UNIQUE_CHECKS */;
/*!40101 SET CHARACTER_SET_CLIENT=@OLD_CHARACTER_SET_CLIENT */;
/*!40101 SET CHARACTER_SET_RESULTS=@OLD_CHARACTER_SET_RESULTS */;
/*!40101 SET COLLATION_CONNECTION=@OLD_COLLATION_CONNECTION */;
/*!40111 SET SQL_NOTES=@OLD_SQL_NOTES */;

-- Dump completed on 2020-02-22 21:01:30
